Gene1,Gene2,Score
cbfb,slc2a3,1502.0
cbfb,nfe2,2138.0
cbfb,arid5a,1700.0
cbfb,camsap2,1678.0
cbfb,slc39a13,1904.0
cbfb,card6,2337.0
cbfb,dock10,2185.0
cbfb,ssh2,2460.0
cbfb,tes,1896.0
cbfb,f2r,1169.0
cbfb,hspe1,1611.0
cbfb,adgrg1,1425.0
cbfb,mgat1,978.0
cbfb,spns2,1482.0
cbfb,prkch,1078.0
cbfb,tfr2,1464.0
cbfb,ly9,1556.0
cbfb,tmem123,1062.0
cbfb,nceh1,1122.0
cbfb,acap1,1177.0
cbfb,eya2,1293.0
cbfb,ranbp1,1469.0
cbfb,slbp,901.0
cbfb,tbxa2r,1598.0
cbfb,cmah,1528.0
cbfb,xrcc6,928.0
cbfb,slc26a11,1210.0
cbfb,dynll1,1387.0
cbfb,serp1,1039.0
cbfb,hdac7,951.0
cbfb,ptpre,694.0
cbfb,ap1s2,989.0
cbfb,cipc,1035.0
cbfb,rasal3,1088.0
cbfb,cdk17,1047.0
cbfb,lck,1404.0
cbfb,ppm1g,827.0
cbfb,icos,1561.0
cbfb,pafah2,1099.0
cbfb,nt5c3,1173.0
cbfb,lonp2,947.0
cbfb,tespa1,1492.0
cbfb,xpc,803.0
cbfb,elf1,843.0
cbfb,btla,1399.0
cbfb,ccr7,1428.0
cbfb,zfp658,1138.0
cbfb,zbtb20,1021.0
cbfb,vamp1,883.0
cbfb,lcp1,1162.0
cbfb,zfp62,708.0
cbfb,ccng2,1453.0
cbfb,gpr171,1237.0
cbfb,ppcdc,846.0
cbfb,h2afy,1046.0
cbfb,mcm7,1209.0
cbfb,st8sia4,866.0
cbfb,rps27l,882.0
cbfb,atp8b4,719.0
cbfb,mcm4,1102.0
cbfb,gpr65,1112.0
cbfb,itgal,844.0
cbfb,tubb4b,749.0
cbfb,arhgap15,1121.0
cbfb,mogs,538.0
cbfb,itgb2,912.0
cbfb,ctr9,1045.0
cbfb,laptm5,918.0
cbfb,stk17b,642.0
cbfb,gbp4,1104.0
cbfb,zfp422,954.0
cbfb,arhgdib,741.0
cbfb,dhrs3,698.0
cbfb,pkn3,733.0
cbfb,elovl5,696.0
cbfb,mpzl1,755.0
cbfb,dusp1,581.0
cbfb,pbld2,827.0
cbfb,otulinl,847.0
cbfb,itsn1,727.0
cbfb,zyx,705.0
cbfb,satb1,904.0
cbfb,cbfb,736.0
cbfb,spns3,570.0
cbfb,dok2,844.0
cbfb,jpt1,711.0
cbfb,plin3,553.0
cbfb,slc9a9,962.0
cbfb,tspan13,669.0
cbfb,dusp5,783.0
cbfb,kctd12,652.0
cbfb,bcl2,678.0
cbfb,ncapd2,668.0
cbfb,rnf38,711.0
cbfb,cks1b,981.0
cbfb,p2ry14,801.0
cbfb,def8,914.0
cbfb,ubash3a,815.0
cbfb,arpp21,970.0
cbfb,tpm4,1390.0
cbfb,capg,961.0
cbfb,pstpip1,932.0
cbfb,tspan3,798.0
cbfb,panx1,729.0
cbfb,p2rx1,1010.0
cbfb,dck,574.0
cbfb,cst7,831.0
cbfb,ctsl,683.0
cbfb,lax1,763.0
cbfb,abhd17b,1123.0
cbfb,nlrc3,907.0
cbfb,slc43a2,490.0
cbfb,cd69,726.0
cbfb,gas2l3,504.0
cbfb,cish,576.0
cbfb,dtl,692.0
cbfb,selplg,484.0
cbfb,anxa5,943.0
cbfb,lars2,653.0
cbfb,plcl1,887.0
cbfb,nwd1,741.0
cbfb,serpinb6a,804.0
cbfb,lrrc8c,581.0
cbfb,il17re,734.0
cbfb,stk10,453.0
cbfb,rnf125,1111.0
cbfb,snap47,536.0
cbfb,gpr18,856.0
cbfb,zfp367,637.0
cbfb,me2,801.0
cbfb,rassf2,639.0
cbfb,slc18a2,369.0
cbfb,lgmn,581.0
cbfb,fdft1,643.0
cbfb,clec12a,691.0
cbfb,trpv2,749.0
cbfb,pygl,678.0
cbfb,npm1,770.0
cbfb,cd7,765.0
cbfb,cdt1,601.0
cbfb,art4,570.0
cbfb,nucb2,694.0
cbfb,prss57,625.0
cbfb,ctsb,468.0
cbfb,fcho2,553.0
cbfb,coq8a,491.0
cbfb,cdk19,474.0
cbfb,rnf13,479.0
cbfb,hnrnpab,686.0
cbfb,uhrf1,837.0
cbfb,rcsd1,963.0
cbfb,frmd6,705.0
cbfb,gm2a,645.0
cbfb,ucp2,380.0
cbfb,rel,513.0
cbfb,gstm1,471.0
cbfb,evi2a,712.0
cbfb,cyfip2,574.0
cbfb,ldhb,638.0
cbfb,mcm5,607.0
cbfb,mycn,555.0
cbfb,lactb,463.0
cbfb,aplp2,452.0
cbfb,cd44,506.0
cbfb,znrf2,473.0
cbfb,camk1d,458.0
cbfb,gng2,596.0
cbfb,stard4,341.0
cbfb,slc39a6,460.0
cbfb,ndrg2,678.0
cbfb,rhof,462.0
cbfb,dusp6,553.0
cbfb,hmgb2,548.0
cbfb,il7r,492.0
cbfb,mki67,700.0
cbfb,atpif1,433.0
cbfb,nrros,487.0
cbfb,uba7,404.0
cbfb,uap1l1,416.0
cbfb,cbx7,616.0
cbfb,gaa,649.0
cbfb,fads1,623.0
cbfb,vamp5,541.0
cbfb,erp29,408.0
cbfb,ptp4a3,403.0
cbfb,cct2,446.0
cbfb,mllt3,439.0
cbfb,kazald1,318.0
cbfb,rpl41,440.0
cbfb,lsp1,450.0
cbfb,anxa2,344.0
cbfb,rgs2,533.0
cbfb,gbp9,509.0
cbfb,slc16a10,418.0
cbfb,eepd1,561.0
cbfb,rgs19,637.0
cbfb,nudt19,605.0
cbfb,ampd2,369.0
cbfb,irak3,434.0
cbfb,spc24,668.0
cbfb,rora,492.0
cbfb,plxdc2,365.0
cbfb,samsn1,557.0
cbfb,cd48,504.0
cbfb,creg1,284.0
cbfb,myo5a,510.0
cbfb,trim59,380.0
cbfb,cd55,315.0
cbfb,tnfaip2,491.0
cbfb,abcg3,578.0
cbfb,txnip,468.0
cbfb,top2a,614.0
cbfb,itpr2,437.0
cbfb,tmem173,462.0
cbfb,rftn1,531.0
cbfb,slc18a1,390.0
cbfb,card11,640.0
cbfb,pdcd4,345.0
cbfb,bpifc,485.0
cbfb,ybx1,500.0
cbfb,parvg,513.0
cbfb,sytl1,439.0
cbfb,cpq,450.0
cbfb,fut8,304.0
cbfb,slco3a1,543.0
cbfb,emp1,845.0
cbfb,dennd2d,301.0
cbfb,tmem206,438.0
cbfb,slc44a2,485.0
cbfb,cfp,727.0
cbfb,btg2,620.0
cbfb,tmem14c,553.0
cbfb,rasip1,591.0
cbfb,arhgap27,536.0
cbfb,msmo1,475.0
cbfb,gsn,474.0
cbfb,gimap5,426.0
cbfb,chil5,463.0
cbfb,pag1,355.0
cbfb,nckap1,306.0
cbfb,tipin,442.0
cbfb,n4bp3,338.0
cbfb,arhgap18,354.0
cbfb,zmiz1,309.0
cbfb,tbc1d5,395.0
cbfb,ell2,308.0
cbfb,gmnn,490.0
cbfb,h2-dma,361.0
cbfb,rras,347.0
cbfb,sgms1,257.0
cbfb,cers4,308.0
cbfb,maml3,326.0
cbfb,epsti1,402.0
cbfb,ltb,350.0
cbfb,gpx1,348.0
cbfb,plxnc1,390.0
cbfb,rag2,364.0
cbfb,pgrmc1,403.0
cbfb,ces2g,455.0
cbfb,ppp1r15a,330.0
cbfb,man1a,332.0
cbfb,parp8,588.0
cbfb,syk,404.0
cbfb,cnn3,365.0
cbfb,mpl,469.0
cbfb,dock11,332.0
cbfb,klf3,328.0
cbfb,cd27,417.0
cbfb,ankrd44,501.0
cbfb,klf6,343.0
cbfb,itgb7,334.0
cbfb,mpo,465.0
cbfb,sla,443.0
cbfb,mettl7a1,381.0
cbfb,flt3,448.0
cbfb,adssl1,293.0
cbfb,tmem176b,567.0
cbfb,rusc2,380.0
cbfb,gfi1b,401.0
cbfb,tm6sf1,401.0
cbfb,itga6,392.0
cbfb,cd81,449.0
cbfb,socs2,358.0
cbfb,hlf,260.0
cbfb,pf4,424.0
cbfb,ikzf1,304.0
cbfb,sat1,515.0
cbfb,taldo1,408.0
cbfb,selenop,359.0
cbfb,gimap8,377.0
cbfb,sp100,367.0
cbfb,trib3,409.0
cbfb,ifi27,287.0
cbfb,s100a6,409.0
cbfb,rhoh,230.0
cbfb,slc25a5,342.0
cbfb,il18rap,252.0
cbfb,nhp2,401.0
cbfb,usp11,332.0
cbfb,gimap1,334.0
cbfb,ctsw,286.0
cbfb,unc93b1,198.0
cbfb,tmem268,367.0
cbfb,akna,279.0
cbfb,slc29a1,451.0
cbfb,car2,234.0
cbfb,clu,328.0
cbfb,foxo1,297.0
cbfb,runx2,244.0
cbfb,notch1,285.0
cbfb,coro1a,266.0
cbfb,tapt1,303.0
cbfb,slfn2,286.0
cbfb,ldhd,290.0
cbfb,plekhb1,401.0
cbfb,chrnb1,225.0
cbfb,mctp2,312.0
cbfb,ctnnal1,251.0
cbfb,fut7,377.0
cbfb,stxbp1,257.0
cbfb,irf6,240.0
cbfb,pde1b,322.0
cbfb,ccr9,255.0
cbfb,sell,310.0
cbfb,ube2l6,265.0
cbfb,ccdc112,280.0
cbfb,golm1,262.0
cbfb,plscr4,274.0
cbfb,hacd4,450.0
cbfb,prnp,272.0
cbfb,fam171a1,332.0
cbfb,gpc1,249.0
cbfb,gp9,336.0
cbfb,igfbp4,378.0
cbfb,arhgef39,285.0
cbfb,otub2,160.0
cbfb,lag3,383.0
cbfb,cttn,226.0
cbfb,tmsb4x,227.0
cbfb,slamf1,281.0
cbfb,hid1,301.0
cbfb,clec2i,252.0
cbfb,plk2,250.0
cbfb,plxna1,228.0
cbfb,klhl4,289.0
cbfb,kcnk5,169.0
cbfb,fuca2,245.0
cbfb,uqcr11,189.0
cbfb,esr1,279.0
cbfb,arhgap29,194.0
cbfb,tspan2,207.0
cbfb,trim16,131.0
cbfb,amigo2,271.0
cbfb,cox6a1,219.0
cbfb,rab27b,286.0
cbfb,angpt1,210.0
cbfb,abcg2,277.0
cbfb,csgalnact1,219.0
cbfb,pola2,195.0
cbfb,arrdc4,254.0
cbfb,fgfr3,211.0
cbfb,emb,149.0
cbfb,vav3,224.0
cbfb,nsmf,308.0
cbfb,gramd1a,130.0
cbfb,dpp4,223.0
cbfb,lyn,141.0
cbfb,kit,163.0
cbfb,ramp1,211.0
cbfb,pear1,205.0
cbfb,runx1t1,362.0
cbfb,gbp2,199.0
cbfb,h1f0,218.0
cbfb,itgam,188.0
cbfb,cdk6,127.0
cbfb,rasa4,176.0
cbfb,nkg7,238.0
cbfb,gimap4,188.0
cbfb,enpp5,198.0
cbfb,prps2,203.0
cbfb,clca3a1,167.0
cbfb,tyrobp,127.0
cbfb,wls,175.0
cbfb,rp2,137.0
cbfb,haao,326.0
cbfb,il17ra,187.0
cbfb,napsa,179.0
cbfb,inhba,243.0
cbfb,ttc39b,123.0
cbfb,smpdl3a,190.0
cbfb,kbtbd11,191.0
cbfb,atp1a3,300.0
cbfb,ggta1,177.0
cbfb,coro7,161.0
cbfb,ipcef1,160.0
cbfb,d630039a03rik,157.0
cbfb,cpxm1,183.0
cbfb,cd33,275.0
cbfb,rnf213,173.0
cbfb,myc,144.0
cbfb,apoe,138.0
cbfb,kif17,262.0
cbfb,prim1,260.0
cbfb,ptger2,173.0
cbfb,crip1,149.0
cbfb,tlr7,148.0
cbfb,ifi213,132.0
cbfb,npdc1,163.0
cbfb,sstr2,128.0
cbfb,cd38,226.0
cbfb,fcrl1,223.0
cbfb,vdr,119.0
cbfb,tmem246,126.0
cbfb,fam171b,110.0
cbfb,arl11,206.0
cbfb,ppic,204.0
cbfb,cd53,203.0
cbfb,neurl3,193.0
cbfb,lgals1,189.0
cbfb,rarb,188.0
cbfb,arhgef28,187.0
cbfb,scrn1,181.0
cbfb,scarf1,179.0
cbfb,ctsg,174.0
cbfb,pkia,171.0
cbfb,mylk,171.0
cbfb,fam110c,167.0
cbfb,nupr1,164.0
cbfb,eng,164.0
cbfb,prune2,162.0
cbfb,depp1,159.0
cbfb,ccl3,159.0
cbfb,spi1,156.0
cbfb,fgd2,152.0
cbfb,sh2d5,151.0
cbfb,ptgs1,150.0
cbfb,hsd3b7,149.0
cbfb,gng11,144.0
cbfb,afdn,144.0
cbfb,bdh2,143.0
cbfb,traf1,140.0
cbfb,meis1,134.0
cbfb,il12a,134.0
cbfb,pecam1,131.0
cbfb,maged2,131.0
cbfb,klrd1,126.0
cbfb,paqr5,124.0
cbfb,myct1,124.0
cbfb,plek,121.0
cbfb,cd9,121.0
cbfb,irf8,120.0
cbfb,ifi209,119.0
cbfb,zfp37,118.0
cbfb,cx3cl1,118.0
cbfb,itgb5,111.0
cbfb,gda,110.0
cbfb,flna,108.0
cbfb,rnase6,107.0
cbfb,pdgfrb,104.0
cbfb,fgd5,101.0
cbfb,app,101.0
cbx7,ndnf,959.0
cbx7,dock10,1006.0
cbx7,obscn,917.0
cbx7,mecom,1074.0
cbx7,runx1t1,956.0
cbx7,sox18,874.0
cbx7,cdkn1c,713.0
cbx7,prkch,942.0
cbx7,maml3,796.0
cbx7,shisa9,805.0
cbx7,plxnc1,802.0
cbx7,csgalnact1,1189.0
cbx7,satb1,842.0
cbx7,eya2,995.0
cbx7,dach1,899.0
cbx7,flt3,927.0
cbx7,slco3a1,1032.0
cbx7,fgfr3,709.0
cbx7,sfrp1,906.0
cbx7,kbtbd11,842.0
cbx7,sstr2,889.0
cbx7,nav1,884.0
cbx7,cadps2,907.0
cbx7,fam110c,961.0
cbx7,ankrd33b,796.0
cbx7,nfia,676.0
cbx7,pag1,882.0
cbx7,kctd12,855.0
cbx7,arpp21,812.0
cbx7,slc35d3,637.0
cbx7,lyn,902.0
cbx7,vav3,840.0
cbx7,bcl2,954.0
cbx7,h2-q6,856.0
cbx7,sema3d,862.0
cbx7,tm6sf1,908.0
cbx7,parp8,777.0
cbx7,app,839.0
cbx7,col4a2,627.0
cbx7,col4a1,627.0
cbx7,vldlr,660.0
cbx7,pgr,674.0
cbx7,rftn1,740.0
cbx7,chst2,701.0
cbx7,plcl1,691.0
cbx7,igfbp4,731.0
cbx7,ikzf1,679.0
cbx7,trim47,661.0
cbx7,rassf2,719.0
cbx7,itpr2,714.0
cbx7,mef2c,747.0
cbx7,zmiz1,553.0
cbx7,trpc6,760.0
cbx7,slc16a2,729.0
cbx7,dhrs3,697.0
cbx7,rcsd1,681.0
cbx7,man1a,761.0
cbx7,rora,683.0
cbx7,tsc22d3,589.0
cbx7,mllt3,669.0
cbx7,hlf,695.0
cbx7,camk1d,700.0
cbx7,spns2,674.0
cbx7,slc22a3,641.0
cbx7,rel,624.0
cbx7,rnf213,548.0
cbx7,obsl1,593.0
cbx7,rhoj,705.0
cbx7,wls,584.0
cbx7,gda,549.0
cbx7,hdac7,552.0
cbx7,rusc2,695.0
cbx7,slc18a2,596.0
cbx7,st8sia4,503.0
cbx7,ctnnd2,550.0
cbx7,pde1b,599.0
cbx7,cdk6,594.0
cbx7,ndn,599.0
cbx7,pear1,537.0
cbx7,ssh2,539.0
cbx7,runx2,398.0
cbx7,mn1,420.0
cbx7,hck,645.0
cbx7,arhgap29,591.0
cbx7,kazald1,433.0
cbx7,ctsh,451.0
cbx7,aff3,536.0
cbx7,ptpre,548.0
cbx7,nr3c2,771.0
cbx7,ocln,523.0
cbx7,irf8,639.0
cbx7,ankrd44,592.0
cbx7,amigo2,480.0
cbx7,fgd5,520.0
cbx7,mpdz,604.0
cbx7,dpp4,623.0
cbx7,slc16a11,478.0
cbx7,pdgfc,533.0
cbx7,rarb,593.0
cbx7,kit,699.0
cbx7,vdr,427.0
cbx7,notch1,520.0
cbx7,clec14a,575.0
cbx7,cpne8,414.0
cbx7,plk2,431.0
cbx7,plscr4,558.0
cbx7,ptger2,454.0
cbx7,prdm16,269.0
cbx7,tspan2,496.0
cbx7,cx3cl1,529.0
cbx7,adssl1,409.0
cbx7,plekhg6,342.0
cbx7,igf1,422.0
cbx7,arhgef28,426.0
cbx7,rgs2,320.0
cbx7,pkib,371.0
cbx7,gsn,471.0
cbx7,lpcat2,474.0
cbx7,inhba,543.0
cbx7,stk10,317.0
cbx7,cd44,387.0
cbx7,cav2,533.0
cbx7,rab38,480.0
cbx7,tnfaip2,314.0
cbx7,gpc1,257.0
cbx7,ghr,285.0
cbx7,eepd1,419.0
cbx7,txnip,262.0
cbx7,lrrc8c,403.0
cbx7,angpt1,294.0
cbx7,vegfc,400.0
cbx7,gucy1a1,348.0
cbx7,meis1,202.0
cbx7,otulinl,325.0
cbx7,plppr3,279.0
cbx7,anxa5,297.0
cbx7,insrr,211.0
cbx7,arid5a,343.0
cbx7,sh2d5,304.0
cbx7,prune2,397.0
cbx7,anxa2,371.0
cbx7,irak3,414.0
cbx7,cd34,271.0
cbx7,dusp5,257.0
cbx7,fstl1,447.0
cbx7,ddx4,295.0
cbx7,f2r,385.0
cbx7,zfp422,295.0
cbx7,ccdc136,455.0
cbx7,upp1,335.0
cbx7,pbx1,367.0
cbx7,myc,165.0
cbx7,pde1c,309.0
cbx7,atp1a3,249.0
cbx7,ppic,169.0
cbx7,sgms1,192.0
cbx7,ptgs1,184.0
cbx7,zyx,211.0
cbx7,plxdc2,261.0
cbx7,ica1,328.0
cbx7,smpdl3a,216.0
cbx7,slc16a10,227.0
cbx7,vamp5,155.0
cbx7,tmem37,222.0
cbx7,jam2,307.0
cbx7,gata2,103.0
cbx7,slc6a15,352.0
cbx7,tes,460.0
cbx7,krt18,191.0
cbx7,plxna1,184.0
cbx7,panx1,316.0
cbx7,ggta1,253.0
cbx7,paqr5,195.0
cbx7,il17ra,112.0
cbx7,rab27b,285.0
cbx7,scrn1,374.0
cbx7,sdc1,190.0
cbx7,adamtsl5,192.0
cbx7,nrros,226.0
cbx7,stxbp1,233.0
cbx7,unc93b1,124.0
cbx7,il1r1,213.0
cbx7,creg1,204.0
cbx7,nceh1,180.0
cbx7,cd63,131.0
cbx7,d630039a03rik,210.0
cbx7,tmem246,188.0
cbx7,dennd2d,144.0
cbx7,sdc2,265.0
cbx7,ramp1,173.0
cbx7,fam171a1,195.0
cbx7,ldhb,251.0
cbx7,car2,143.0
cbx7,fads1,237.0
cbx7,jam3,151.0
cbx7,pygl,228.0
cbx7,npm1,109.0
cbx7,h2afy,214.0
cbx7,prps2,143.0
cbx7,tbc1d5,206.0
cbx7,syk,194.0
cbx7,fam171b,103.0
cbx7,dock11,190.0
cbx7,xrcc6,177.0
cbx7,pkia,176.0
cbx7,itgb5,175.0
cbx7,irf6,173.0
cbx7,chrnb1,170.0
cbx7,cdk18,169.0
cbx7,rab40b,164.0
cbx7,tmsb4x,161.0
cbx7,rasa4,150.0
cbx7,ptp4a3,148.0
cbx7,frmd6,148.0
cbx7,serp1,144.0
cbx7,slc39a13,143.0
cbx7,h1f0,140.0
cbx7,ctsl,139.0
cbx7,tpm4,137.0
cbx7,cpxm1,136.0
cbx7,hid1,134.0
cbx7,ccdc112,134.0
cbx7,snap23,132.0
cbx7,me2,130.0
cbx7,slc18a1,126.0
cbx7,ndrg2,124.0
cbx7,elf1,124.0
cbx7,rasip1,123.0
cbx7,arrdc4,123.0
cbx7,slc26a11,120.0
cbx7,xpc,115.0
cbx7,tipin,115.0
cbx7,kif17,114.0
cbx7,jpt1,114.0
cbx7,siglecg,112.0
cbx7,procr,112.0
cbx7,hspe1,110.0
cbx7,zfp612,108.0
cbx7,gaa,106.0
cbx7,dusp1,106.0
cbx7,fhl1,105.0
cbx7,fdft1,103.0
cbx7,coq8a,103.0
cbx7,cipc,103.0
cbx7,msmo1,102.0
cbx7,fcho2,102.0
cbx7,coro7,101.0
elf1,rnf38,2456.0
elf1,ranbp1,2126.0
elf1,rps27l,2407.0
elf1,mogs,2142.0
elf1,serpinb6a,1804.0
elf1,lonp2,1794.0
elf1,ap1s2,2224.0
elf1,itsn1,1885.0
elf1,meis1,2711.0
elf1,mcm7,1774.0
elf1,nceh1,1600.0
elf1,atp1a3,2503.0
elf1,prkch,1289.0
elf1,nt5c3,1044.0
elf1,ampd2,1550.0
elf1,txnip,1356.0
elf1,serp1,1165.0
elf1,ppm1g,1050.0
elf1,znrf2,1058.0
elf1,panx1,1182.0
elf1,uqcr11,1185.0
elf1,ifi27,939.0
elf1,slc39a13,968.0
elf1,plin3,862.0
elf1,lyn,1768.0
elf1,nhp2,1108.0
elf1,cd48,1241.0
elf1,fuca2,1343.0
elf1,cdk19,795.0
elf1,ccl9,1607.0
elf1,cct2,869.0
elf1,sat1,821.0
elf1,ctr9,937.0
elf1,tm6sf1,787.0
elf1,hspe1,1058.0
elf1,mcm4,1019.0
elf1,zfp658,617.0
elf1,itgb2,639.0
elf1,arhgef39,1028.0
elf1,ly9,845.0
elf1,slfn2,1049.0
elf1,me2,901.0
elf1,ppp1r15a,835.0
elf1,zfp62,943.0
elf1,ankrd44,628.0
elf1,cox6a1,721.0
elf1,dock10,619.0
elf1,tmem14c,814.0
elf1,tespa1,625.0
elf1,cks1b,706.0
elf1,hsd3b7,1117.0
elf1,laptm5,751.0
elf1,atp8b4,1054.0
elf1,abhd17b,728.0
elf1,tmem206,474.0
elf1,rnf13,744.0
elf1,rel,516.0
elf1,hnrnpab,560.0
elf1,tbc1d5,850.0
elf1,rasal3,437.0
elf1,arhgap15,414.0
elf1,ifi209,437.0
elf1,mgat1,653.0
elf1,dusp5,539.0
elf1,naip6,904.0
elf1,samsn1,485.0
elf1,gpx1,568.0
elf1,gimap8,501.0
elf1,ikzf1,418.0
elf1,rgs19,404.0
elf1,tes,339.0
elf1,xdh,808.0
elf1,card6,391.0
elf1,vamp1,456.0
elf1,cdk18,774.0
elf1,cbfb,574.0
elf1,ppcdc,610.0
elf1,prps2,423.0
elf1,arhgap27,511.0
elf1,pkn3,692.0
elf1,slc39a6,459.0
elf1,gpr18,438.0
elf1,ccng2,525.0
elf1,gstm1,663.0
elf1,ncapd2,428.0
elf1,rpl41,484.0
elf1,il7r,391.0
elf1,xrcc6,368.0
elf1,ifi213,434.0
elf1,xpc,329.0
elf1,akna,374.0
elf1,mki67,616.0
elf1,gpr65,427.0
elf1,tmem173,222.0
elf1,ssh2,261.0
elf1,ybx1,459.0
elf1,efna1,587.0
elf1,tubb4b,410.0
elf1,slc43a2,382.0
elf1,spi1,561.0
elf1,arl11,554.0
elf1,pirb,546.0
elf1,arhgap18,535.0
elf1,acap1,396.0
elf1,cdt1,513.0
elf1,lax1,357.0
elf1,jpt1,258.0
elf1,uhrf1,271.0
elf1,tmem123,251.0
elf1,kctd12,487.0
elf1,pafah2,381.0
elf1,cmah,484.0
elf1,gimap1,384.0
elf1,slc26a11,450.0
elf1,fdft1,317.0
elf1,parp8,449.0
elf1,h2-dma,293.0
elf1,ebi3,444.0
elf1,vav3,339.0
elf1,tyrobp,441.0
elf1,gmnn,305.0
elf1,slc44a2,291.0
elf1,tfec,425.0
elf1,rhoh,181.0
elf1,gas2l3,422.0
elf1,ccl3,420.0
elf1,slbp,414.0
elf1,lsp1,206.0
elf1,cbx7,399.0
elf1,nrros,221.0
elf1,icos,205.0
elf1,taldo1,377.0
elf1,sp100,196.0
elf1,pf4,373.0
elf1,tbxa2r,372.0
elf1,osgin1,363.0
elf1,ctss,125.0
elf1,nucb2,360.0
elf1,tmsb4x,182.0
elf1,rras,355.0
elf1,nlrc3,215.0
elf1,unc93b1,344.0
elf1,syk,341.0
elf1,fut7,227.0
elf1,cox7b,339.0
elf1,ccr7,338.0
elf1,usp11,329.0
elf1,btla,162.0
elf1,arhgdib,180.0
elf1,slc25a5,309.0
elf1,neurl3,304.0
elf1,ctsb,301.0
elf1,gbp4,300.0
elf1,ucp2,294.0
elf1,pstpip1,158.0
elf1,gng2,287.0
elf1,dok2,186.0
elf1,uba7,284.0
elf1,rnf213,279.0
elf1,itgal,273.0
elf1,eya2,268.0
elf1,pld4,264.0
elf1,cd69,134.0
elf1,itga6,259.0
elf1,elovl5,257.0
elf1,ndrg2,251.0
elf1,trim47,246.0
elf1,ipcef1,245.0
elf1,lck,234.0
elf1,ptpre,138.0
elf1,cd244a,232.0
elf1,klf6,230.0
elf1,mcm5,225.0
elf1,itpr2,130.0
elf1,nwd1,223.0
elf1,p2ry14,222.0
elf1,gsn,112.0
elf1,selplg,213.0
elf1,wfdc17,211.0
elf1,fgd2,207.0
elf1,zfp367,206.0
elf1,vamp5,206.0
elf1,gramd1a,198.0
elf1,il17ra,196.0
elf1,man1a,194.0
elf1,gm1966,190.0
elf1,h1f0,188.0
elf1,fut8,186.0
elf1,cyfip2,185.0
elf1,capg,184.0
elf1,hacd4,183.0
elf1,npm1,179.0
elf1,camsap2,179.0
elf1,ltb,176.0
elf1,dock11,176.0
elf1,dennd2d,175.0
elf1,fcrl1,174.0
elf1,slco3a1,171.0
elf1,plcl1,171.0
elf1,coro1a,170.0
elf1,kazald1,163.0
elf1,camk1d,162.0
elf1,anxa5,162.0
elf1,cd33,160.0
elf1,cish,159.0
elf1,dusp6,158.0
elf1,nudt19,155.0
elf1,pear1,154.0
elf1,lrrc8c,148.0
elf1,gpr171,148.0
elf1,spns3,146.0
elf1,ctsh,146.0
elf1,eng,142.0
elf1,atpif1,142.0
elf1,cst7,139.0
elf1,slamf1,137.0
elf1,slc9a9,136.0
elf1,stard4,134.0
elf1,parvg,133.0
elf1,frmd6,126.0
elf1,cd53,124.0
elf1,dtl,122.0
elf1,cfp,122.0
elf1,cipc,115.0
elf1,oas2,113.0
elf1,arpp21,113.0
elf1,stk10,111.0
elf1,ubash3a,108.0
elf1,pola2,103.0
elf1,runx2,226.0
esr1,ggt5,1934.0
esr1,plscr4,1981.0
esr1,tnfaip2,1765.0
esr1,irak3,2467.0
esr1,coro7,2386.0
esr1,klf3,1964.0
esr1,slc39a13,2352.0
esr1,trim16,2361.0
esr1,rel,2427.0
esr1,tmem246,1581.0
esr1,bpifc,2192.0
esr1,pafah2,1138.0
esr1,itpr2,1932.0
esr1,cdk17,1582.0
esr1,ccng2,1117.0
esr1,lonp2,1922.0
esr1,fuca2,1852.0
esr1,elf1,1877.0
esr1,ttc39b,1097.0
esr1,uba7,869.0
esr1,lars2,1310.0
esr1,slc43a2,1719.0
esr1,ctsb,2340.0
esr1,tns2,1493.0
esr1,cipc,866.0
esr1,gsn,1622.0
esr1,dusp5,1686.0
esr1,anxa5,1365.0
esr1,rnf13,1702.0
esr1,pbx1,1097.0
esr1,ndrg2,1131.0
esr1,fam110c,1751.0
esr1,dusp1,910.0
esr1,ranbp1,916.0
esr1,hdac7,587.0
esr1,znrf2,748.0
esr1,ctsh,1345.0
esr1,trim47,1733.0
esr1,hmgb2,1115.0
esr1,d630039a03rik,1030.0
esr1,pear1,1734.0
esr1,xrcc6,884.0
esr1,dtl,764.0
esr1,rusc2,1238.0
esr1,slbp,977.0
esr1,coq8a,1316.0
esr1,sgms1,1151.0
esr1,pdcd4,638.0
esr1,cnn3,1155.0
esr1,mlph,1664.0
esr1,tmem37,1657.0
esr1,vamp1,905.0
esr1,zyx,895.0
esr1,slc29a1,1426.0
esr1,zbtb20,1686.0
esr1,ppp1r15a,1147.0
esr1,rgs2,1825.0
esr1,tmem206,823.0
esr1,plk2,1102.0
esr1,p2ry14,1319.0
esr1,h2-q6,1527.0
esr1,c1rl,569.0
esr1,txnip,776.0
esr1,gaa,675.0
esr1,slc39a6,1006.0
esr1,dhrs3,1725.0
esr1,arhgap29,1578.0
esr1,kctd12,1253.0
esr1,lgals1,660.0
esr1,uqcr11,874.0
esr1,fcgrt,603.0
esr1,xpc,683.0
esr1,def8,869.0
esr1,ctsf,1926.0
esr1,tmem268,1293.0
esr1,serpinf1,1015.0
esr1,pbld2,510.0
esr1,selenop,671.0
esr1,rps27l,582.0
esr1,hspe1,639.0
esr1,mcm4,681.0
esr1,aplp2,1169.0
esr1,tspan3,1070.0
esr1,nhp2,416.0
esr1,ap1s2,977.0
esr1,notch1,478.0
esr1,adssl1,444.0
esr1,ell2,718.0
esr1,rbpms,1240.0
esr1,fcho2,598.0
esr1,nfe2,936.0
esr1,gm2a,511.0
esr1,rras,354.0
esr1,ssh2,1276.0
esr1,gstm1,464.0
esr1,socs2,659.0
esr1,afdn,1104.0
esr1,sdc2,735.0
esr1,nceh1,555.0
esr1,plekhb1,571.0
esr1,gm4951,1134.0
esr1,il17ra,1961.0
esr1,eepd1,883.0
esr1,elovl5,683.0
esr1,lsp1,932.0
esr1,osgin1,398.0
esr1,frmd6,710.0
esr1,cdt1,500.0
esr1,efna1,841.0
esr1,arrdc4,684.0
esr1,lhcgr,1383.0
esr1,pld4,393.0
esr1,mgat1,672.0
esr1,klf6,549.0
esr1,btg2,434.0
esr1,gbp9,1058.0
esr1,erp29,463.0
esr1,meis1,242.0
esr1,cd63,458.0
esr1,camk1d,768.0
esr1,prnp,498.0
esr1,nr3c2,964.0
esr1,hnrnpab,393.0
esr1,itsn1,404.0
esr1,pygl,850.0
esr1,xdh,800.0
esr1,slc22a3,1213.0
esr1,tgm2,363.0
esr1,nudt19,618.0
esr1,mcm7,636.0
esr1,cdk19,416.0
esr1,zfp62,435.0
esr1,cpq,882.0
esr1,uap1l1,503.0
esr1,slc25a5,429.0
esr1,chrnb1,733.0
esr1,serp1,468.0
esr1,rora,727.0
esr1,hsd3b7,472.0
esr1,snap47,465.0
esr1,rnf213,914.0
esr1,tmem123,474.0
esr1,nucb2,657.0
esr1,sdsl,1381.0
esr1,mpzl1,620.0
esr1,rab27b,471.0
esr1,cbx7,460.0
esr1,abhd17b,382.0
esr1,dynll1,477.0
esr1,npm1,413.0
esr1,slc18a1,468.0
esr1,rpl41,420.0
esr1,hlf,460.0
esr1,itgb5,801.0
esr1,rgs19,977.0
esr1,ttll7,611.0
esr1,dck,655.0
esr1,maml3,435.0
esr1,mrvi1,623.0
esr1,ctsl,490.0
esr1,spns2,1202.0
esr1,cish,559.0
esr1,ccdc136,922.0
esr1,rab40b,417.0
esr1,tmem14c,726.0
esr1,gng11,792.0
esr1,mtus1,687.0
esr1,nsmf,684.0
esr1,mcm5,645.0
esr1,ghr,538.0
esr1,h1f0,417.0
esr1,haao,1342.0
esr1,stk17b,489.0
esr1,tubb4b,371.0
esr1,bdh2,294.0
esr1,sat1,395.0
esr1,rarb,384.0
esr1,cd34,497.0
esr1,arhgef28,937.0
esr1,ppm1g,469.0
esr1,pgr,476.0
esr1,ifitm1,1068.0
esr1,fdft1,405.0
esr1,tipin,360.0
esr1,clec14a,616.0
esr1,mecom,375.0
esr1,smpdl3a,1076.0
esr1,ica1,491.0
esr1,anxa2,912.0
esr1,fhl1,1135.0
esr1,jpt1,303.0
esr1,il18bp,523.0
esr1,ldhb,272.0
esr1,tbc1d5,327.0
esr1,neo1,367.0
esr1,art4,646.0
esr1,zfp37,540.0
esr1,mogs,387.0
esr1,creg1,324.0
esr1,adamtsl5,903.0
esr1,il1r1,463.0
esr1,stxbp1,523.0
esr1,fads1,320.0
esr1,serpinb6a,399.0
esr1,plin3,369.0
esr1,otub2,306.0
esr1,dusp6,375.0
esr1,me2,309.0
esr1,rassf2,319.0
esr1,cks1b,326.0
esr1,tmem176b,579.0
esr1,camsap2,381.0
esr1,stard4,444.0
esr1,rnf38,338.0
esr1,man1a,557.0
esr1,nt5c3,318.0
esr1,gmnn,514.0
esr1,plcl1,432.0
esr1,runx1t1,571.0
esr1,pdgfd,649.0
esr1,gpx1,414.0
esr1,plxnc1,972.0
esr1,myo5a,452.0
esr1,blnk,292.0
esr1,ybx1,354.0
esr1,h2afy,413.0
esr1,pkia,396.0
esr1,ube2l6,225.0
esr1,gimap8,414.0
esr1,cbfb,318.0
esr1,foxo1,498.0
esr1,taldo1,308.0
esr1,arl11,255.0
esr1,nwd1,425.0
esr1,obsl1,311.0
esr1,gbp4,630.0
esr1,cav2,352.0
esr1,pstpip1,449.0
esr1,nckap1,364.0
esr1,tinagl1,316.0
esr1,slc26a11,339.0
esr1,app,511.0
esr1,fkbp9,810.0
esr1,ctr9,281.0
esr1,unc93b1,542.0
esr1,jam3,352.0
esr1,pkn3,357.0
esr1,pgrmc1,360.0
esr1,runx2,678.0
esr1,aldh1a1,519.0
esr1,rhbdf1,338.0
esr1,rnf125,517.0
esr1,ppcdc,304.0
esr1,fam171b,635.0
esr1,ifi27,209.0
esr1,ptp4a3,382.0
esr1,nupr1,327.0
esr1,clu,245.0
esr1,kcnk5,309.0
esr1,atpif1,279.0
esr1,ncapd2,329.0
esr1,pola2,352.0
esr1,fam171a1,351.0
esr1,ctnnal1,290.0
esr1,s100a6,347.0
esr1,clip3,296.0
esr1,zfp367,322.0
esr1,col4a2,625.0
esr1,col4a1,625.0
esr1,ifitm3,480.0
esr1,mpdz,342.0
esr1,fut8,257.0
esr1,mylk,365.0
esr1,rcsd1,816.0
esr1,mllt3,246.0
esr1,h2-dma,296.0
esr1,cox6a1,361.0
esr1,cd55,426.0
esr1,lactb,324.0
esr1,emp1,310.0
esr1,slc44a2,295.0
esr1,prdm16,732.0
esr1,igf1,268.0
esr1,msmo1,335.0
esr1,tapt1,383.0
esr1,trim59,291.0
esr1,gata2,460.0
esr1,myc,269.0
esr1,cd81,339.0
esr1,tfr2,248.0
esr1,cttn,269.0
esr1,pdgfc,362.0
esr1,snap23,195.0
esr1,slc16a2,203.0
esr1,eng,552.0
esr1,zfp422,158.0
esr1,vegfc,280.0
esr1,ampd2,256.0
esr1,mef2c,261.0
esr1,bcl2,217.0
esr1,cct2,343.0
esr1,fstl1,258.0
esr1,slc16a10,267.0
esr1,gbp2,623.0
esr1,tpm4,520.0
esr1,spc24,345.0
esr1,mctp2,345.0
esr1,zfp612,376.0
esr1,pag1,281.0
esr1,tmem173,451.0
esr1,wls,282.0
esr1,arhgef18,200.0
esr1,depp1,651.0
esr1,ctsg,298.0
esr1,mettl7a1,149.0
esr1,esam,548.0
esr1,gramd1a,274.0
esr1,jam2,620.0
esr1,arid5a,212.0
esr1,vav3,228.0
esr1,csgalnact1,453.0
esr1,hoxa9,318.0
esr1,tcaf1,252.0
esr1,sdc1,237.0
esr1,top2a,223.0
esr1,arhgap18,218.0
esr1,ccdc112,348.0
esr1,capg,264.0
esr1,adgrg1,350.0
esr1,scrn1,261.0
esr1,n4bp3,191.0
esr1,flna,281.0
esr1,cdkn1c,247.0
esr1,mamdc2,252.0
esr1,il17re,209.0
esr1,trib3,397.0
esr1,slco3a1,295.0
esr1,igfbp4,257.0
esr1,chst2,163.0
esr1,lyn,306.0
esr1,satb1,383.0
esr1,cdk6,286.0
esr1,rftn1,450.0
esr1,tead2,290.0
esr1,mn1,314.0
esr1,gpc1,258.0
esr1,casp12,203.0
esr1,tmsb4x,175.0
esr1,fgfr3,186.0
esr1,f2r,199.0
esr1,gng2,428.0
esr1,mpo,281.0
esr1,cd44,283.0
esr1,arhgap15,277.0
esr1,apoe,208.0
esr1,ucp2,270.0
esr1,plekhg6,598.0
esr1,akna,204.0
esr1,inhba,215.0
esr1,ppic,174.0
esr1,sult1a1,328.0
esr1,gda,363.0
esr1,cpxm1,413.0
esr1,prune2,168.0
esr1,cdk18,242.0
esr1,usp11,249.0
esr1,nfia,331.0
esr1,cavin2,311.0
esr1,tspan13,151.0
esr1,lgmn,202.0
esr1,serpinb1a,150.0
esr1,cers4,207.0
esr1,car2,524.0
esr1,tspan2,192.0
esr1,prr5,137.0
esr1,kazald1,203.0
esr1,trpv2,171.0
esr1,kit,264.0
esr1,npdc1,416.0
esr1,vamp5,201.0
esr1,tfec,223.0
esr1,adgrg3,205.0
esr1,prkch,168.0
esr1,cd9,197.0
esr1,otulinl,175.0
esr1,eya2,468.0
esr1,fut7,224.0
esr1,ccl9,455.0
esr1,nlrc3,192.0
esr1,zfp658,215.0
esr1,esr1,160.0
esr1,gp9,171.0
esr1,mycn,176.0
esr1,pde1b,170.0
esr1,rasa4,227.0
esr1,nrros,423.0
esr1,ptpre,155.0
esr1,slc16a11,316.0
esr1,aff3,194.0
esr1,gstt1,169.0
esr1,irf8,174.0
esr1,upp1,168.0
esr1,lck,183.0
esr1,plppr3,230.0
esr1,ramp1,156.0
esr1,paqr5,274.0
esr1,plxna1,170.0
esr1,kif17,265.0
esr1,vldlr,140.0
esr1,slc2a3,147.0
esr1,plxdc2,137.0
esr1,dpp4,280.0
esr1,parvg,198.0
esr1,rp2,196.0
esr1,pdgfrb,134.0
esr1,crip1,188.0
esr1,napsa,340.0
esr1,gas2l3,121.0
esr1,amigo2,160.0
esr1,uhrf1,125.0
esr1,itga6,306.0
esr1,golm1,203.0
esr1,cadps2,300.0
esr1,parp8,180.0
esr1,cx3cl1,106.0
esr1,dock10,144.0
esr1,tes,143.0
esr1,stk10,144.0
esr1,mpeg1,144.0
esr1,maged2,157.0
esr1,angpt1,147.0
esr1,gm973,143.0
esr1,abcg2,155.0
esr1,mki67,257.0
esr1,ankrd44,197.0
esr1,emb,153.0
esr1,zmiz1,140.0
esr1,wfdc2,164.0
esr1,tfpi,139.0
esr1,vwf,147.0
esr1,gpx3,243.0
esr1,rhoj,123.0
esr1,prim1,136.0
esr1,sfrp1,160.0
esr1,pkib,227.0
esr1,cox7b,112.0
esr1,slc6a15,123.0
esr1,prps2,136.0
esr1,ptger2,214.0
esr1,serpina3n,211.0
esr1,ubash3a,125.0
esr1,lcp1,190.0
esr1,ggta1,187.0
esr1,sp100,183.0
esr1,hnf4a,179.0
esr1,irf6,170.0
esr1,tbxa2r,160.0
esr1,slc35d3,160.0
esr1,pecam1,159.0
esr1,noxa1,155.0
esr1,gdf3,154.0
esr1,il18rap,143.0
esr1,clca3a1,143.0
esr1,abcg3,139.0
esr1,ndn,136.0
esr1,il12a,133.0
esr1,slc9a9,132.0
esr1,tek,131.0
esr1,vdr,127.0
esr1,arhgap27,127.0
esr1,il7r,125.0
esr1,itm2a,120.0
esr1,prss57,119.0
esr1,pde1c,118.0
esr1,ldhd,116.0
esr1,f11r,115.0
esr1,rhoh,109.0
esr1,ddx4,106.0
esr1,cmah,105.0
esr1,ptgs1,102.0
esr1,ndnf,101.0
foxo1,txnip,1386.0
foxo1,ltb,678.0
foxo1,coq8a,784.0
foxo1,rnf38,921.0
foxo1,rora,751.0
foxo1,maml3,510.0
foxo1,fcho2,648.0
foxo1,pola2,514.0
foxo1,ankrd44,553.0
foxo1,erp29,335.0
foxo1,card6,330.0
foxo1,st8sia4,459.0
foxo1,ppp1r15a,205.0
foxo1,mcm7,302.0
foxo1,slc39a13,199.0
foxo1,selenop,314.0
foxo1,ndrg2,186.0
foxo1,snap23,213.0
foxo1,cbfb,267.0
foxo1,ccng2,164.0
foxo1,stk17b,179.0
foxo1,tmem206,185.0
foxo1,ssh2,274.0
foxo1,lonp2,177.0
foxo1,rgs2,280.0
foxo1,pag1,177.0
foxo1,camsap2,171.0
foxo1,xrcc6,177.0
foxo1,tmem123,267.0
foxo1,hdac7,265.0
foxo1,lag3,168.0
foxo1,pafah2,252.0
foxo1,fut8,154.0
foxo1,mcm4,149.0
foxo1,serp1,146.0
foxo1,gmnn,206.0
foxo1,foxo1,187.0
foxo1,itgb7,107.0
foxo1,plscr4,166.0
foxo1,itsn1,161.0
foxo1,anxa5,157.0
foxo1,myct1,154.0
foxo1,mgat1,152.0
foxo1,satb1,147.0
foxo1,ppcdc,147.0
foxo1,selplg,145.0
foxo1,stard4,142.0
foxo1,gimap8,131.0
foxo1,prim1,126.0
foxo1,cd55,126.0
foxo1,kctd12,124.0
foxo1,klf6,123.0
foxo1,ikzf1,123.0
foxo1,slbp,114.0
foxo1,rhof,114.0
foxo1,cmah,114.0
foxo1,atp8b4,111.0
foxo1,dynll1,109.0
foxo1,myc,477.0
foxo1,cdkn1c,451.0
gata2,xrcc6,3212.0
gata2,nfe2,2303.0
gata2,itsn1,2493.0
gata2,p2rx1,2099.0
gata2,txnip,1431.0
gata2,gsn,2256.0
gata2,art4,2157.0
gata2,p2ry14,2123.0
gata2,btg2,1368.0
gata2,slc2a3,1366.0
gata2,tespa1,670.0
gata2,nt5c3,1673.0
gata2,hdac7,1217.0
gata2,spi1,1632.0
gata2,samsn1,782.0
gata2,sgms1,2134.0
gata2,ggt5,1719.0
gata2,selplg,1624.0
gata2,nlrc3,1609.0
gata2,cd63,1348.0
gata2,cst7,1544.0
gata2,ccng2,1283.0
gata2,neurl3,1061.0
gata2,lonp2,1276.0
gata2,slbp,1247.0
gata2,slc18a2,948.0
gata2,cish,772.0
gata2,pbld2,1586.0
gata2,nrros,1419.0
gata2,st8sia4,1194.0
gata2,tfr2,1772.0
gata2,lgmn,1075.0
gata2,rassf2,1167.0
gata2,arhgdib,715.0
gata2,irak3,1460.0
gata2,camsap2,997.0
gata2,spns2,1527.0
gata2,igfbp4,1144.0
gata2,tubb4b,1046.0
gata2,ppcdc,1155.0
gata2,nupr1,1080.0
gata2,lars2,966.0
gata2,spns3,1216.0
gata2,slc26a11,667.0
gata2,runx1t1,1417.0
gata2,laptm5,882.0
gata2,mki67,733.0
gata2,creg1,763.0
gata2,zfp658,898.0
gata2,mcm7,1074.0
gata2,napsa,794.0
gata2,elf1,545.0
gata2,ube2l6,835.0
gata2,mllt3,702.0
gata2,gfi1b,713.0
gata2,pafah2,786.0
gata2,cct2,512.0
gata2,angpt1,1073.0
gata2,ndnf,734.0
gata2,plin3,1083.0
gata2,shisa9,975.0
gata2,ppp1r15a,734.0
gata2,h1f0,907.0
gata2,gaa,893.0
gata2,zfp62,641.0
gata2,tfpi,727.0
gata2,ptpre,508.0
gata2,hacd4,763.0
gata2,tnfaip2,1803.0
gata2,rhof,807.0
gata2,ces2g,1585.0
gata2,elovl5,760.0
gata2,gbp9,1061.0
gata2,adssl1,388.0
gata2,gbp4,1289.0
gata2,pdcd4,1340.0
gata2,slc16a10,1109.0
gata2,ptp4a3,546.0
gata2,mgat1,559.0
gata2,cers4,738.0
gata2,fgd2,807.0
gata2,h2-dma,582.0
gata2,maml3,653.0
gata2,cd7,384.0
gata2,ghr,533.0
gata2,clec14a,1498.0
gata2,adgrg1,1154.0
gata2,xpc,843.0
gata2,tes,731.0
gata2,lax1,547.0
gata2,fuca2,669.0
gata2,pgr,1428.0
gata2,ucp2,506.0
gata2,cox6a1,574.0
gata2,pkia,991.0
gata2,slfn2,524.0
gata2,top2a,791.0
gata2,traf1,821.0
gata2,nhp2,1339.0
gata2,rbpms,490.0
gata2,eya2,814.0
gata2,c1rl,1242.0
gata2,mrvi1,1229.0
gata2,dtl,530.0
gata2,lrrc8c,618.0
gata2,slc29a1,1175.0
gata2,unc93b1,572.0
gata2,rag2,273.0
gata2,ampd2,562.0
gata2,cdt1,466.0
gata2,rpl41,589.0
gata2,slc39a13,384.0
gata2,fhl1,425.0
gata2,nsmf,444.0
gata2,dusp1,377.0
gata2,cd244a,420.0
gata2,abhd17b,465.0
gata2,tspan13,433.0
gata2,cipc,383.0
gata2,tsc22d3,413.0
gata2,lck,1024.0
gata2,tipin,411.0
gata2,tbc1d5,378.0
gata2,lcp1,500.0
gata2,cd33,495.0
gata2,nkg7,493.0
gata2,rasal3,487.0
gata2,ncapd2,422.0
gata2,cnn3,727.0
gata2,npm1,356.0
gata2,gramd1a,480.0
gata2,dock11,475.0
gata2,arid5a,336.0
gata2,plekhb1,545.0
gata2,hnrnpab,327.0
gata2,camk1d,345.0
gata2,arhgap18,380.0
gata2,stard4,315.0
gata2,ctsf,662.0
gata2,igf1,583.0
gata2,gpr171,400.0
gata2,cbfb,443.0
gata2,s100a6,326.0
gata2,uba7,451.0
gata2,gpx1,453.0
gata2,nceh1,439.0
gata2,itgb2,430.0
gata2,jpt1,512.0
gata2,cd44,426.0
gata2,coro1a,423.0
gata2,cfp,282.0
gata2,naip6,156.0
gata2,pf4,562.0
gata2,tyrobp,407.0
gata2,erp29,311.0
gata2,vamp1,328.0
gata2,prnp,409.0
gata2,cd55,396.0
gata2,tmem123,316.0
gata2,mcm4,463.0
gata2,fam110c,273.0
gata2,cdk19,355.0
gata2,atpif1,302.0
gata2,snap23,283.0
gata2,coq8a,492.0
gata2,rel,315.0
gata2,upp1,377.0
gata2,def8,289.0
gata2,plscr4,255.0
gata2,plk2,386.0
gata2,pecam1,254.0
gata2,esr1,332.0
gata2,me2,305.0
gata2,klf6,300.0
gata2,itpr2,343.0
gata2,cd9,672.0
gata2,ly9,266.0
gata2,rusc2,314.0
gata2,trib3,326.0
gata2,myct1,648.0
gata2,uqcr11,355.0
gata2,il12a,324.0
gata2,man1a,341.0
gata2,fam171b,251.0
gata2,slc25a5,315.0
gata2,gm2a,216.0
gata2,ggta1,273.0
gata2,arrdc4,401.0
gata2,dusp6,282.0
gata2,tmsb4x,216.0
gata2,ranbp1,225.0
gata2,kctd12,350.0
gata2,anxa5,224.0
gata2,abcg3,304.0
gata2,cd34,226.0
gata2,mecom,519.0
gata2,lactb,219.0
gata2,mpzl1,212.0
gata2,zfp367,293.0
gata2,tm6sf1,292.0
gata2,nckap1,209.0
gata2,trim16,204.0
gata2,clca3a1,447.0
gata2,aplp2,380.0
gata2,kazald1,154.0
gata2,fkbp9,368.0
gata2,vegfc,243.0
gata2,tmem206,283.0
gata2,ankrd33b,281.0
gata2,hlf,435.0
gata2,afdn,278.0
gata2,uap1l1,329.0
gata2,vamp5,215.0
gata2,rnf13,187.0
gata2,cd48,269.0
gata2,rab40b,352.0
gata2,adgrg3,263.0
gata2,slc39a6,196.0
gata2,kif17,258.0
gata2,dhrs3,214.0
gata2,ssh2,197.0
gata2,rps27l,282.0
gata2,card11,254.0
gata2,ap1s2,190.0
gata2,app,296.0
gata2,slc6a15,190.0
gata2,ctsb,234.0
gata2,sh2d5,245.0
gata2,znrf2,168.0
gata2,selenop,481.0
gata2,rora,477.0
gata2,gstt1,168.0
gata2,arpp21,235.0
gata2,akna,175.0
gata2,slc44a2,232.0
gata2,plxdc2,167.0
gata2,slc35d3,229.0
gata2,ppm1g,191.0
gata2,bdh2,448.0
gata2,rhoh,224.0
gata2,itgb7,441.0
gata2,ctnnal1,220.0
gata2,stk17b,190.0
gata2,nudt19,218.0
gata2,hoxa9,435.0
gata2,fdft1,184.0
gata2,gm973,426.0
gata2,serpina3f,223.0
gata2,fam171a1,149.0
gata2,slc18a1,157.0
gata2,socs2,173.0
gata2,rab27b,205.0
gata2,osgin1,205.0
gata2,mpdz,409.0
gata2,gda,202.0
gata2,arhgap27,202.0
gata2,f2r,202.0
gata2,serp1,135.0
gata2,serpinb6a,200.0
gata2,dck,199.0
gata2,golm1,196.0
gata2,nucb2,166.0
gata2,frmd6,388.0
gata2,mcm5,387.0
gata2,meis1,386.0
gata2,ankrd44,193.0
gata2,kit,193.0
gata2,arhgef39,193.0
gata2,lyn,193.0
gata2,pdgfrb,382.0
gata2,cd93,147.0
gata2,tmem268,187.0
gata2,gstm1,373.0
gata2,mlph,186.0
gata2,gm4951,372.0
gata2,ell2,132.0
gata2,emb,182.0
gata2,clip3,363.0
gata2,prss57,362.0
gata2,hspe1,180.0
gata2,gng2,122.0
gata2,tcaf1,122.0
gata2,jam3,136.0
gata2,ptger2,349.0
gata2,trpv2,347.0
gata2,gmnn,174.0
gata2,rnf38,124.0
gata2,otub2,119.0
gata2,pygl,154.0
gata2,irf6,163.0
gata2,card6,194.0
gata2,tmem14c,123.0
gata2,neo1,155.0
gata2,pde1c,108.0
gata2,fcgrt,296.0
gata2,nr3c2,295.0
gata2,ifi27,294.0
gata2,panx1,146.0
gata2,car2,144.0
gata2,dynll1,286.0
gata2,nfia,283.0
gata2,cd81,283.0
gata2,ttc39b,141.0
gata2,xdh,280.0
gata2,fstl1,280.0
gata2,rras,278.0
gata2,hsd3b7,276.0
gata2,slc16a11,269.0
gata2,prim1,133.0
gata2,sdc2,265.0
gata2,itga6,132.0
gata2,ldhb,262.0
gata2,cd52,262.0
gata2,klf3,130.0
gata2,arhgap29,260.0
gata2,rab38,129.0
gata2,pirb,141.0
gata2,cttn,258.0
gata2,prps2,127.0
gata2,enpp5,127.0
gata2,satb1,416.0
gata2,ndrg2,251.0
gata2,pgrmc1,245.0
gata2,smpdl3a,122.0
gata2,serpina3g,141.0
gata2,cav2,122.0
gata2,syk,121.0
gata2,anxa2,241.0
gata2,rgs2,239.0
gata2,myc,239.0
gata2,pstpip1,117.0
gata2,snap47,232.0
gata2,dock10,116.0
gata2,vwf,416.0
gata2,ikzf1,114.0
gata2,cpq,112.0
gata2,ccdc112,112.0
gata2,pbx1,223.0
gata2,rnf125,112.0
gata2,aldh1a1,221.0
gata2,lgals1,220.0
gata2,hck,110.0
gata2,dennd2d,109.0
gata2,zbtb20,217.0
gata2,pag1,109.0
gata2,ybx1,214.0
gata2,zyx,212.0
gata2,serpinb1a,211.0
gata2,arhgef18,211.0
gata2,stk10,105.0
gata2,rgs19,103.0
gata2,gas2l3,103.0
gata2,casp12,205.0
gata2,vav3,204.0
gata2,mettl7a1,204.0
gata2,serpinf1,202.0
gata2,runx2,101.0
gata2,prune2,102.0
gata2,zmiz1,196.0
gata2,noxa1,195.0
gata2,efna1,186.0
gata2,cdkn1c,181.0
gata2,spc24,180.0
gata2,mtus1,179.0
gata2,fcho2,179.0
gata2,usp11,173.0
gata2,wls,171.0
gata2,mmrn1,171.0
gata2,ifi27l2a,171.0
gata2,cdk17,171.0
gata2,ctsl,169.0
gata2,jam2,168.0
gata2,ctr9,165.0
gata2,pdgfd,164.0
gata2,mogs,158.0
gata2,sdc1,155.0
gata2,lsp1,155.0
gata2,hmgb2,153.0
gata2,btla,151.0
gata2,prkch,150.0
gata2,fads1,150.0
gata2,abcg2,150.0
gata2,flna,146.0
gata2,foxo1,142.0
gata2,notch1,140.0
gata2,fut8,137.0
gata2,zfp37,136.0
gata2,sat1,133.0
gata2,slc16a2,130.0
gata2,ctsh,130.0
gata2,clu,130.0
gata2,zfp422,129.0
gata2,mef2c,125.0
gata2,d630039a03rik,122.0
gata2,col4a2,122.0
gata2,col4a1,122.0
gata2,taldo1,121.0
gata2,apoe,121.0
gata2,tns2,120.0
gata2,rarb,120.0
gata2,gbp2,119.0
gata2,tm4sf1,114.0
gata2,kcnk5,111.0
gata2,rasa4,108.0
gata2,pde1b,108.0
gata2,ifitm3,103.0
gfi1b,gfi1b,2153.0
gfi1b,mpzl1,1534.0
gfi1b,itsn1,1296.0
gfi1b,hmgb2,1270.0
gfi1b,gm2a,1593.0
gfi1b,zfp658,2246.0
gfi1b,camsap2,800.0
gfi1b,gas2l3,698.0
gfi1b,abhd17b,652.0
gfi1b,arid5a,644.0
gfi1b,spi1,772.0
gfi1b,itgb5,1263.0
gfi1b,laptm5,624.0
gfi1b,rel,501.0
gfi1b,ccng2,426.0
gfi1b,hnrnpab,787.0
gfi1b,ranbp1,463.0
gfi1b,myct1,770.0
gfi1b,elovl5,364.0
gfi1b,clec12a,505.0
gfi1b,dock10,396.0
gfi1b,nfe2,338.0
gfi1b,meis1,416.0
gfi1b,rgs19,283.0
gfi1b,cfp,338.0
gfi1b,csgalnact1,502.0
gfi1b,procr,584.0
gfi1b,rassf2,346.0
gfi1b,ctss,448.0
gfi1b,neurl3,531.0
gfi1b,lgmn,367.0
gfi1b,trim16,212.0
gfi1b,tmem173,303.0
gfi1b,pkn3,228.0
gfi1b,parp8,318.0
gfi1b,myo5a,322.0
gfi1b,slc26a11,213.0
gfi1b,card6,225.0
gfi1b,lars2,158.0
gfi1b,dhrs3,233.0
gfi1b,cks1b,388.0
gfi1b,mamdc2,197.0
gfi1b,vav3,375.0
gfi1b,plppr3,234.0
gfi1b,mcm4,173.0
gfi1b,cd244a,257.0
gfi1b,znrf2,226.0
gfi1b,cdk6,172.0
gfi1b,ssh2,205.0
gfi1b,nceh1,191.0
gfi1b,rgs2,165.0
gfi1b,pf4,165.0
gfi1b,def8,112.0
gfi1b,cmah,299.0
gfi1b,foxo1,171.0
gfi1b,cpq,155.0
gfi1b,slc39a13,164.0
gfi1b,mcm7,176.0
gfi1b,tespa1,162.0
gfi1b,rbpms,263.0
gfi1b,ttc39b,148.0
gfi1b,serpinb1a,258.0
gfi1b,fut7,258.0
gfi1b,kit,129.0
gfi1b,cd44,156.0
gfi1b,ikzf1,173.0
gfi1b,tmem123,131.0
gfi1b,serpinb6a,170.0
gfi1b,hspe1,148.0
gfi1b,mettl7a1,248.0
gfi1b,mycn,244.0
gfi1b,gmnn,239.0
gfi1b,rasal3,137.0
gfi1b,nckap1,135.0
gfi1b,slc18a2,218.0
gfi1b,npm1,124.0
gfi1b,cdt1,216.0
gfi1b,itpr2,111.0
gfi1b,cav2,215.0
gfi1b,vamp1,211.0
gfi1b,irf8,207.0
gfi1b,mgat1,205.0
gfi1b,ctsl,205.0
gfi1b,serp1,106.0
gfi1b,rnf13,199.0
gfi1b,slc44a2,198.0
gfi1b,dtl,118.0
gfi1b,itgal,102.0
gfi1b,adssl1,193.0
gfi1b,tmem268,108.0
gfi1b,pecam1,187.0
gfi1b,arhgdib,187.0
gfi1b,tyrobp,182.0
gfi1b,fcgrt,182.0
gfi1b,zfp62,109.0
gfi1b,uap1l1,175.0
gfi1b,satb1,174.0
gfi1b,btla,174.0
gfi1b,plin3,173.0
gfi1b,dynll1,172.0
gfi1b,ppp1r15a,171.0
gfi1b,slc2a3,170.0
gfi1b,tbc1d5,169.0
gfi1b,zfp367,165.0
gfi1b,fuca2,162.0
gfi1b,shroom4,159.0
gfi1b,rab38,154.0
gfi1b,lactb,154.0
gfi1b,hdac7,154.0
gfi1b,tfec,151.0
gfi1b,maml3,151.0
gfi1b,inhba,151.0
gfi1b,ube2l6,148.0
gfi1b,syk,148.0
gfi1b,chst2,146.0
gfi1b,slbp,145.0
gfi1b,txnip,143.0
gfi1b,kctd12,140.0
gfi1b,art4,138.0
gfi1b,tmem246,137.0
gfi1b,rnf125,136.0
gfi1b,plekhb1,135.0
gfi1b,ptpre,130.0
gfi1b,vamp5,128.0
gfi1b,nupr1,128.0
gfi1b,pygl,127.0
gfi1b,cd33,127.0
gfi1b,tifab,126.0
gfi1b,tes,124.0
gfi1b,erp29,123.0
gfi1b,upp1,122.0
gfi1b,gm1966,122.0
gfi1b,cd69,122.0
gfi1b,cd48,122.0
gfi1b,prnp,120.0
gfi1b,pafah2,118.0
gfi1b,ctr9,118.0
gfi1b,lonp2,116.0
gfi1b,cdk19,116.0
gfi1b,ccl9,115.0
gfi1b,stk17b,114.0
gfi1b,cd38,113.0
gfi1b,esr1,112.0
gfi1b,zmiz1,110.0
gfi1b,dck,109.0
gfi1b,tapt1,108.0
gfi1b,me2,108.0
gfi1b,kazald1,108.0
gfi1b,itgb2,108.0
gfi1b,cct2,108.0
gfi1b,xrcc6,107.0
gfi1b,cd53,107.0
gfi1b,tmem14c,106.0
gfi1b,il7r,105.0
gfi1b,spc24,104.0
gfi1b,ppm1g,104.0
gfi1b,gpx1,104.0
gfi1b,efna1,104.0
gfi1b,rusc2,103.0
gfi1b,rnf38,101.0
ikzf1,elf1,1324.0
ikzf1,pkn3,1859.0
ikzf1,slc39a13,1526.0
ikzf1,nfe2,1578.0
ikzf1,nceh1,1518.0
ikzf1,nhp2,1402.0
ikzf1,frmd6,1609.0
ikzf1,gstm1,1385.0
ikzf1,cish,1303.0
ikzf1,kazald1,1095.0
ikzf1,dusp5,1264.0
ikzf1,laptm5,1043.0
ikzf1,arhgdib,1124.0
ikzf1,tbxa2r,1122.0
ikzf1,ppp1r15a,1392.0
ikzf1,f2r,1699.0
ikzf1,ucp2,1257.0
ikzf1,unc93b1,1246.0
ikzf1,arid5a,1080.0
ikzf1,snap47,743.0
ikzf1,xrcc6,770.0
ikzf1,lonp2,1101.0
ikzf1,acap1,1352.0
ikzf1,csgalnact1,1409.0
ikzf1,cmah,1295.0
ikzf1,fut8,1203.0
ikzf1,ttc39b,1617.0
ikzf1,pafah2,723.0
ikzf1,trim16,1321.0
ikzf1,dtl,1085.0
ikzf1,slc9a9,1288.0
ikzf1,ikzf1,973.0
ikzf1,selplg,769.0
ikzf1,cdk19,752.0
ikzf1,tbc1d5,1147.0
ikzf1,plekhb1,1367.0
ikzf1,il7r,907.0
ikzf1,napsa,1216.0
ikzf1,xpc,942.0
ikzf1,me2,1206.0
ikzf1,pstpip1,1079.0
ikzf1,car2,1001.0
ikzf1,lrrc8c,864.0
ikzf1,capg,1221.0
ikzf1,lck,839.0
ikzf1,fuca2,1222.0
ikzf1,plin3,769.0
ikzf1,dock10,1098.0
ikzf1,camsap2,1031.0
ikzf1,rab27b,1587.0
ikzf1,gpx1,907.0
ikzf1,syk,778.0
ikzf1,uba7,1154.0
ikzf1,tipin,967.0
ikzf1,lcp1,902.0
ikzf1,cdt1,582.0
ikzf1,rhoh,891.0
ikzf1,ampd2,1007.0
ikzf1,sgms1,1191.0
ikzf1,nucb2,1104.0
ikzf1,mettl7a1,869.0
ikzf1,tyrobp,907.0
ikzf1,ranbp1,768.0
ikzf1,serpinb6a,1409.0
ikzf1,arhgap18,1227.0
ikzf1,tmem123,881.0
ikzf1,slbp,1119.0
ikzf1,lax1,971.0
ikzf1,ssh2,877.0
ikzf1,serpina3g,1130.0
ikzf1,serpina3f,1130.0
ikzf1,rasal3,724.0
ikzf1,mgat1,705.0
ikzf1,fcho2,513.0
ikzf1,stxbp1,813.0
ikzf1,akna,799.0
ikzf1,zbtb20,501.0
ikzf1,zfp62,750.0
ikzf1,pbld2,745.0
ikzf1,panx1,862.0
ikzf1,txnip,738.0
ikzf1,socs2,672.0
ikzf1,serp1,774.0
ikzf1,mcm4,696.0
ikzf1,kctd12,763.0
ikzf1,nrros,820.0
ikzf1,ppcdc,902.0
ikzf1,cd93,965.0
ikzf1,dhrs3,1146.0
ikzf1,prkch,693.0
ikzf1,rassf2,968.0
ikzf1,cd69,915.0
ikzf1,maml3,540.0
ikzf1,snap23,970.0
ikzf1,arpp21,671.0
ikzf1,irak3,577.0
ikzf1,gsn,1105.0
ikzf1,znrf2,725.0
ikzf1,gimap5,689.0
ikzf1,gpr18,709.0
ikzf1,ptp4a3,712.0
ikzf1,zfp658,756.0
ikzf1,gramd1a,575.0
ikzf1,coro7,1100.0
ikzf1,pkib,1413.0
ikzf1,anxa5,955.0
ikzf1,parvg,653.0
ikzf1,eya2,488.0
ikzf1,ctsb,682.0
ikzf1,tmem173,772.0
ikzf1,adgrg1,638.0
ikzf1,h2afy,988.0
ikzf1,camk1d,815.0
ikzf1,gfi1b,1138.0
ikzf1,elovl5,952.0
ikzf1,prnp,1111.0
ikzf1,rel,920.0
ikzf1,dck,782.0
ikzf1,dusp6,648.0
ikzf1,itgal,509.0
ikzf1,tes,548.0
ikzf1,card6,870.0
ikzf1,itpr2,798.0
ikzf1,ica1,1118.0
ikzf1,cipc,559.0
ikzf1,bc035044,859.0
ikzf1,nudt19,529.0
ikzf1,tespa1,701.0
ikzf1,rcsd1,823.0
ikzf1,spi1,754.0
ikzf1,dynll1,567.0
ikzf1,itgb2,454.0
ikzf1,clec12a,483.0
ikzf1,slfn2,761.0
ikzf1,evi2a,717.0
ikzf1,h1f0,852.0
ikzf1,cdk17,475.0
ikzf1,samsn1,626.0
ikzf1,ppm1g,655.0
ikzf1,mki67,555.0
ikzf1,hsd3b7,409.0
ikzf1,rag2,1295.0
ikzf1,pdcd4,1060.0
ikzf1,wls,816.0
ikzf1,cnn3,636.0
ikzf1,usp11,725.0
ikzf1,rgs19,697.0
ikzf1,klf6,442.0
ikzf1,coro1a,647.0
ikzf1,selenop,607.0
ikzf1,itga6,476.0
ikzf1,mmrn1,1079.0
ikzf1,cpq,718.0
ikzf1,gbp9,489.0
ikzf1,abcg3,533.0
ikzf1,uhrf1,490.0
ikzf1,fcrl1,711.0
ikzf1,myc,451.0
ikzf1,rgs2,732.0
ikzf1,slamf1,859.0
ikzf1,ly9,563.0
ikzf1,plscr4,439.0
ikzf1,cks1b,627.0
ikzf1,ccr7,405.0
ikzf1,gas2l3,575.0
ikzf1,plxdc2,745.0
ikzf1,uap1l1,592.0
ikzf1,rnf38,453.0
ikzf1,plcl1,552.0
ikzf1,gng2,535.0
ikzf1,lsp1,528.0
ikzf1,zfp367,644.0
ikzf1,ubash3a,361.0
ikzf1,mycn,454.0
ikzf1,lars2,624.0
ikzf1,gimap1,463.0
ikzf1,bcl2,549.0
ikzf1,wfdc2,618.0
ikzf1,il17ra,735.0
ikzf1,lyn,526.0
ikzf1,hmgb2,715.0
ikzf1,cd53,744.0
ikzf1,itsn1,699.0
ikzf1,ccdc112,466.0
ikzf1,fads1,568.0
ikzf1,flt3,974.0
ikzf1,top2a,788.0
ikzf1,gbp4,470.0
ikzf1,cbfb,607.0
ikzf1,epsti1,617.0
ikzf1,5430427o19rik,521.0
ikzf1,mcm7,423.0
ikzf1,tmem14c,814.0
ikzf1,klf3,430.0
ikzf1,nwd1,543.0
ikzf1,ifi27,752.0
ikzf1,st8sia4,640.0
ikzf1,erp29,474.0
ikzf1,il17re,811.0
ikzf1,npm1,629.0
ikzf1,tm6sf1,921.0
ikzf1,hdac7,479.0
ikzf1,mef2c,765.0
ikzf1,aplp2,616.0
ikzf1,vamp1,845.0
ikzf1,stard4,508.0
ikzf1,tubb4b,546.0
ikzf1,tifab,417.0
ikzf1,sp100,550.0
ikzf1,hspe1,572.0
ikzf1,mllt3,415.0
ikzf1,clu,479.0
ikzf1,arhgap27,683.0
ikzf1,gmnn,647.0
ikzf1,haao,736.0
ikzf1,foxo1,391.0
ikzf1,blnk,705.0
ikzf1,card11,371.0
ikzf1,mcm5,518.0
ikzf1,ncapd2,555.0
ikzf1,tpm4,518.0
ikzf1,inhba,259.0
ikzf1,prss57,715.0
ikzf1,nlrc3,582.0
ikzf1,cd55,563.0
ikzf1,h2-dma,349.0
ikzf1,abhd17b,595.0
ikzf1,ifitm1,741.0
ikzf1,parp8,425.0
ikzf1,cd48,222.0
ikzf1,eng,413.0
ikzf1,ube2l6,413.0
ikzf1,mogs,788.0
ikzf1,btg2,500.0
ikzf1,coq8a,441.0
ikzf1,ggta1,510.0
ikzf1,gimap8,488.0
ikzf1,siglecg,548.0
ikzf1,gaa,401.0
ikzf1,prps2,477.0
ikzf1,rps27l,519.0
ikzf1,sat1,484.0
ikzf1,adssl1,381.0
ikzf1,gm2a,387.0
ikzf1,arhgef18,884.0
ikzf1,trpv2,448.0
ikzf1,hnrnpab,455.0
ikzf1,ptpre,351.0
ikzf1,dpp4,478.0
ikzf1,dusp1,358.0
ikzf1,cdk6,529.0
ikzf1,dock11,389.0
ikzf1,h2-q6,772.0
ikzf1,oas2,565.0
ikzf1,vamp5,413.0
ikzf1,mpzl1,509.0
ikzf1,atp8b4,468.0
ikzf1,myo5a,666.0
ikzf1,prim1,421.0
ikzf1,p2ry14,395.0
ikzf1,otub2,472.0
ikzf1,satb1,366.0
ikzf1,cers4,483.0
ikzf1,zfp422,364.0
ikzf1,slc18a1,309.0
ikzf1,notch1,312.0
ikzf1,vav3,308.0
ikzf1,uqcr11,494.0
ikzf1,rras,354.0
ikzf1,slc25a5,408.0
ikzf1,tmem206,342.0
ikzf1,kit,301.0
ikzf1,trim47,446.0
ikzf1,atpif1,529.0
ikzf1,fam171b,514.0
ikzf1,stk10,441.0
ikzf1,slc2a3,438.0
ikzf1,taldo1,619.0
ikzf1,rnf213,617.0
ikzf1,rnf13,520.0
ikzf1,zmiz1,314.0
ikzf1,pld4,679.0
ikzf1,rnase6,384.0
ikzf1,otulinl,369.0
ikzf1,trib3,323.0
ikzf1,hlf,386.0
ikzf1,ghr,414.0
ikzf1,tmem176b,417.0
ikzf1,cav2,377.0
ikzf1,angpt1,215.0
ikzf1,n4bp3,360.0
ikzf1,slc26a11,488.0
ikzf1,cct2,372.0
ikzf1,abcg2,405.0
ikzf1,zyx,285.0
ikzf1,h2-ob,243.0
ikzf1,ramp1,298.0
ikzf1,cd244a,375.0
ikzf1,vegfc,298.0
ikzf1,ap1s2,267.0
ikzf1,arhgap15,399.0
ikzf1,fgd2,332.0
ikzf1,ptgs1,230.0
ikzf1,hid1,324.0
ikzf1,spc24,560.0
ikzf1,sell,422.0
ikzf1,ifi213,336.0
ikzf1,tspan13,392.0
ikzf1,s100a6,346.0
ikzf1,ipcef1,626.0
ikzf1,pola2,365.0
ikzf1,gda,423.0
ikzf1,nt5c3,300.0
ikzf1,tspan3,261.0
ikzf1,npdc1,318.0
ikzf1,trim59,338.0
ikzf1,cyfip2,372.0
ikzf1,tsc22d3,303.0
ikzf1,lgals1,650.0
ikzf1,man1a,336.0
ikzf1,irf8,358.0
ikzf1,golm1,366.0
ikzf1,btla,381.0
ikzf1,icos,479.0
ikzf1,cd44,206.0
ikzf1,ifi209,446.0
ikzf1,ctr9,288.0
ikzf1,ltb,227.0
ikzf1,arhgef39,259.0
ikzf1,eepd1,272.0
ikzf1,pgrmc1,446.0
ikzf1,fut7,307.0
ikzf1,stk17b,231.0
ikzf1,rhof,294.0
ikzf1,slc43a2,545.0
ikzf1,lgmn,327.0
ikzf1,lactb,308.0
ikzf1,gbp2,402.0
ikzf1,arl11,259.0
ikzf1,fam171a1,393.0
ikzf1,sytl1,567.0
ikzf1,sla,561.0
ikzf1,pag1,276.0
ikzf1,cst7,315.0
ikzf1,ankrd44,408.0
ikzf1,prr5,364.0
ikzf1,sdc1,261.0
ikzf1,ccng2,332.0
ikzf1,ankrd33b,341.0
ikzf1,fdft1,282.0
ikzf1,ldhb,259.0
ikzf1,esr1,249.0
ikzf1,bdh2,255.0
ikzf1,slc39a6,279.0
ikzf1,cox6a1,281.0
ikzf1,tfec,369.0
ikzf1,def8,341.0
ikzf1,tfr2,382.0
ikzf1,maged2,286.0
ikzf1,efna1,426.0
ikzf1,dok2,263.0
ikzf1,dennd2d,220.0
ikzf1,tinagl1,217.0
ikzf1,igfbp4,324.0
ikzf1,rpl41,339.0
ikzf1,rftn1,249.0
ikzf1,ell2,249.0
ikzf1,pf4,247.0
ikzf1,csf1r,251.0
ikzf1,adamtsl5,224.0
ikzf1,cd7,551.0
ikzf1,gm5111,234.0
ikzf1,itgb5,332.0
ikzf1,chil5,377.0
ikzf1,plk2,150.0
ikzf1,jpt1,414.0
ikzf1,cfp,273.0
ikzf1,cbx7,209.0
ikzf1,amigo2,183.0
ikzf1,il18bp,166.0
ikzf1,nupr1,207.0
ikzf1,cd38,256.0
ikzf1,ebi3,221.0
ikzf1,rasa4,353.0
ikzf1,chst2,293.0
ikzf1,plxnc1,228.0
ikzf1,paqr5,362.0
ikzf1,rora,213.0
ikzf1,ybx1,241.0
ikzf1,msmo1,231.0
ikzf1,smpdl3a,345.0
ikzf1,gpr171,286.0
ikzf1,ptger2,218.0
ikzf1,tnfaip2,284.0
ikzf1,emb,198.0
ikzf1,tmsb4x,237.0
ikzf1,gpr65,428.0
ikzf1,tgm2,195.0
ikzf1,lag3,252.0
ikzf1,plxna1,245.0
ikzf1,slco3a1,195.0
ikzf1,ccl3,160.0
ikzf1,fgfr3,236.0
ikzf1,serpinb1a,245.0
ikzf1,ifitm3,246.0
ikzf1,tmem268,186.0
ikzf1,pkia,207.0
ikzf1,apoe,240.0
ikzf1,klrd1,180.0
ikzf1,mctp2,218.0
ikzf1,jam2,189.0
ikzf1,mpeg1,337.0
ikzf1,tspan2,198.0
ikzf1,ndnf,129.0
ikzf1,slc29a1,198.0
ikzf1,mtus1,195.0
ikzf1,kcnk5,168.0
ikzf1,ndrg2,199.0
ikzf1,tapt1,173.0
ikzf1,meis1,293.0
ikzf1,prune2,150.0
ikzf1,slc16a11,275.0
ikzf1,f11r,152.0
ikzf1,plek,140.0
ikzf1,ifi27l2a,155.0
ikzf1,creg1,262.0
ikzf1,itgam,177.0
ikzf1,ctss,170.0
ikzf1,spns2,253.0
ikzf1,slc16a10,146.0
ikzf1,neurl3,245.0
ikzf1,flna,131.0
ikzf1,slc35d3,147.0
ikzf1,nckap1,138.0
ikzf1,pear1,156.0
ikzf1,pbx1,135.0
ikzf1,osgin1,137.0
ikzf1,ctsw,122.0
ikzf1,cox7b,110.0
ikzf1,hacd4,208.0
ikzf1,app,203.0
ikzf1,kif17,191.0
ikzf1,cd27,190.0
ikzf1,rab38,105.0
ikzf1,sema3d,109.0
ikzf1,slc44a2,172.0
ikzf1,igf1,170.0
ikzf1,gimap3,169.0
ikzf1,kbtbd11,106.0
ikzf1,clec2i,166.0
ikzf1,xdh,163.0
ikzf1,emp1,163.0
ikzf1,nfia,159.0
ikzf1,irf6,158.0
ikzf1,rp2,157.0
ikzf1,il18rap,153.0
ikzf1,spns3,144.0
ikzf1,klhl4,143.0
ikzf1,slc18a2,131.0
ikzf1,arrdc4,130.0
ikzf1,ccdc136,125.0
ikzf1,il12a,124.0
ikzf1,fgd5,123.0
ikzf1,ctnnal1,117.0
ikzf1,rhbdf1,115.0
ikzf1,scrn1,113.0
ikzf1,cttn,111.0
ikzf1,casp12,104.0
ikzf1,nsmf,103.0
irf8,h2-q6,3060.0
irf8,mpeg1,2481.0
irf8,pf4,2953.0
irf8,gpr18,2631.0
irf8,cd53,1647.0
irf8,naip6,1758.0
irf8,napsa,1513.0
irf8,rbpms,1353.0
irf8,lsp1,1170.0
irf8,clec12a,1286.0
irf8,cfp,1563.0
irf8,inhba,1289.0
irf8,wfdc17,1085.0
irf8,gbp9,869.0
irf8,erp29,782.0
irf8,nceh1,1039.0
irf8,ly86,1391.0
irf8,gbp2,1221.0
irf8,arid5a,741.0
irf8,mettl7a1,918.0
irf8,rnf213,675.0
irf8,elf1,1682.0
irf8,uba7,557.0
irf8,unc93b1,717.0
irf8,bc035044,714.0
irf8,cd74,799.0
irf8,il18bp,776.0
irf8,gbp4,482.0
irf8,fgd2,997.0
irf8,clec1a,542.0
irf8,slc43a2,1519.0
irf8,slfn2,537.0
irf8,epsti1,604.0
irf8,vav3,571.0
irf8,pirb,902.0
irf8,samsn1,472.0
irf8,laptm5,645.0
irf8,mef2c,949.0
irf8,atp8b4,799.0
irf8,selplg,489.0
irf8,p2ry14,411.0
irf8,parvg,391.0
irf8,selenop,855.0
irf8,il12a,450.0
irf8,fcrl1,472.0
irf8,tm6sf1,1299.0
irf8,ctss,393.0
irf8,apoe,612.0
irf8,ebi3,367.0
irf8,ccl3,386.0
irf8,rhoh,369.0
irf8,me2,536.0
irf8,zfp62,904.0
irf8,ikzf1,610.0
irf8,angpt1,430.0
irf8,zfp658,307.0
irf8,gng2,449.0
irf8,slc39a13,405.0
irf8,slc18a1,380.0
irf8,rnase6,371.0
irf8,cd48,475.0
irf8,upp1,681.0
irf8,sp100,420.0
irf8,rarb,392.0
irf8,hspe1,319.0
irf8,ncf1,406.0
irf8,cpq,355.0
irf8,syk,328.0
irf8,chil5,521.0
irf8,cttn,319.0
irf8,lcp1,430.0
irf8,dock10,351.0
irf8,arhgdib,461.0
irf8,ube2l6,323.0
irf8,kazald1,433.0
irf8,h2-ob,488.0
irf8,dusp5,302.0
irf8,itgal,510.0
irf8,arrdc4,267.0
irf8,dennd2d,569.0
irf8,itgb2,270.0
irf8,pde1b,250.0
irf8,blnk,276.0
irf8,nudt19,215.0
irf8,haao,289.0
irf8,trpv2,387.0
irf8,tespa1,404.0
irf8,ranbp1,294.0
irf8,tbc1d5,208.0
irf8,vamp1,190.0
irf8,tmem173,277.0
irf8,oas2,401.0
irf8,plk2,297.0
irf8,fut7,412.0
irf8,pld4,237.0
irf8,tyrobp,314.0
irf8,tmem206,277.0
irf8,zfp367,372.0
irf8,kctd12,442.0
irf8,igf1,213.0
irf8,xrcc6,310.0
irf8,plek,229.0
irf8,ifitm3,194.0
irf8,mgat1,214.0
irf8,itgb7,282.0
irf8,tbxa2r,318.0
irf8,gfi1b,406.0
irf8,itpr2,266.0
irf8,ldhb,243.0
irf8,serpina3g,186.0
irf8,serpina3f,186.0
irf8,cst7,241.0
irf8,txnip,239.0
irf8,dhrs3,227.0
irf8,rusc2,286.0
irf8,arl11,161.0
irf8,cd33,180.0
irf8,tes,290.0
irf8,ifi209,202.0
irf8,hacd4,258.0
irf8,mcm7,135.0
irf8,plin3,292.0
irf8,arhgap15,157.0
irf8,mcm4,138.0
irf8,gimap5,216.0
irf8,ccr9,186.0
irf8,tbxas1,192.0
irf8,rassf2,212.0
irf8,ptgs1,133.0
irf8,rp2,337.0
irf8,siglecg,226.0
irf8,eng,207.0
irf8,tubb4b,326.0
irf8,tifab,169.0
irf8,sgms1,163.0
irf8,lonp2,164.0
irf8,wls,198.0
irf8,gm4951,148.0
irf8,arhgef39,142.0
irf8,cbfb,158.0
irf8,tfec,136.0
irf8,s100a6,261.0
irf8,csf1r,257.0
irf8,h2-dma,126.0
irf8,osgin1,241.0
irf8,eepd1,238.0
irf8,notch1,235.0
irf8,pdcd4,233.0
irf8,ampd2,229.0
irf8,ptger2,124.0
irf8,stk10,114.0
irf8,dok2,137.0
irf8,atp1a3,215.0
irf8,cd244a,193.0
irf8,xdh,192.0
irf8,sult1a1,189.0
irf8,xpc,109.0
irf8,slc26a11,186.0
irf8,scarf1,177.0
irf8,cipc,177.0
irf8,ipcef1,176.0
irf8,gas2l3,164.0
irf8,slc35d3,158.0
irf8,gcsam,155.0
irf8,kbtbd11,151.0
irf8,cdk19,150.0
irf8,gm1966,149.0
irf8,meis1,147.0
irf8,card6,139.0
irf8,atpif1,136.0
irf8,myo5a,131.0
irf8,nt5c3,130.0
irf8,serp1,125.0
irf8,il7r,123.0
irf8,card11,123.0
irf8,pkn3,119.0
irf8,zbtb20,117.0
irf8,esr1,111.0
irf8,itgam,103.0
irf8,nupr1,102.0
irf8,hck,102.0
irf8,myc,553.0
mef2c,klf6,170.0
mef2c,ccl3,141.0
mef2c,obscn,167.0
meis1,depp1,3237.0
meis1,pirb,2580.0
meis1,neurl3,2697.0
meis1,ptgs1,2282.0
meis1,bpifc,2185.0
meis1,npdc1,1984.0
meis1,meis1,1172.0
meis1,arid5a,1260.0
meis1,cd69,1437.0
meis1,hoxa9,1161.0
meis1,itgb2,1775.0
meis1,cd33,1585.0
meis1,ssh2,1585.0
meis1,mettl7a1,1543.0
meis1,spc24,1508.0
meis1,abcg2,1654.0
meis1,wfdc17,1094.0
meis1,tes,1572.0
meis1,lonp2,1386.0
meis1,fut7,1401.0
meis1,spi1,1218.0
meis1,otulinl,1364.0
meis1,evi2a,1190.0
meis1,angpt1,2057.0
meis1,serpinb6a,1216.0
meis1,uqcr11,1205.0
meis1,hacd4,1226.0
meis1,lactb,1169.0
meis1,emb,1223.0
meis1,selplg,866.0
meis1,pbld2,1099.0
meis1,xdh,714.0
meis1,adgrg3,1354.0
meis1,gsn,1109.0
meis1,nfe2,1109.0
meis1,nr3c2,941.0
meis1,man1a,1010.0
meis1,slc9a9,826.0
meis1,dynll1,624.0
meis1,klf3,849.0
meis1,txnip,1181.0
meis1,zfp367,809.0
meis1,tespa1,980.0
meis1,rel,939.0
meis1,vav3,1010.0
meis1,il1r1,613.0
meis1,mecom,1001.0
meis1,zfp658,775.0
meis1,znrf2,955.0
meis1,pafah2,562.0
meis1,atp8b4,864.0
meis1,dusp6,678.0
meis1,h2-dma,803.0
meis1,syk,815.0
meis1,xrcc6,693.0
meis1,pag1,784.0
meis1,slc26a11,630.0
meis1,sgms1,570.0
meis1,rasal3,842.0
meis1,mpo,654.0
meis1,chst2,1263.0
meis1,btla,644.0
meis1,myo5a,904.0
meis1,selenop,664.0
meis1,otub2,716.0
meis1,clec12a,1410.0
meis1,ptpre,706.0
meis1,ghr,720.0
meis1,camsap2,697.0
meis1,il12a,702.0
meis1,laptm5,621.0
meis1,serp1,658.0
meis1,gp9,609.0
meis1,anxa5,663.0
meis1,samsn1,768.0
meis1,mtus1,753.0
meis1,mcm7,690.0
meis1,ampd2,750.0
meis1,tinagl1,815.0
meis1,nwd1,474.0
meis1,fgd2,668.0
meis1,lars2,677.0
meis1,coro7,523.0
meis1,tmem123,621.0
meis1,gaa,522.0
meis1,fuca2,584.0
meis1,tspan3,657.0
meis1,gstm1,727.0
meis1,foxo1,673.0
meis1,mpzl1,594.0
meis1,dock10,495.0
meis1,slbp,598.0
meis1,cd63,748.0
meis1,parp8,564.0
meis1,chrnb1,538.0
meis1,itsn1,410.0
meis1,ccng2,627.0
meis1,spns2,430.0
meis1,abhd17b,604.0
meis1,arhgdib,475.0
meis1,cyfip2,546.0
meis1,trim16,502.0
meis1,cox6a1,632.0
meis1,gm1966,422.0
meis1,csf3r,703.0
meis1,arhgap27,538.0
meis1,fut8,491.0
meis1,akna,495.0
meis1,ebi3,583.0
meis1,erp29,453.0
meis1,nudt19,646.0
meis1,ica1,521.0
meis1,vdr,559.0
meis1,sp100,587.0
meis1,pbx1,513.0
meis1,rarb,374.0
meis1,serpina3g,730.0
meis1,me2,533.0
meis1,vamp5,448.0
meis1,slco3a1,497.0
meis1,ctsl,571.0
meis1,pdcd4,367.0
meis1,irak3,550.0
meis1,tfr2,523.0
meis1,mgat1,401.0
meis1,plk2,617.0
meis1,cish,395.0
meis1,ctr9,503.0
meis1,cdk6,587.0
meis1,acap1,544.0
meis1,cd55,365.0
meis1,tsc22d3,627.0
meis1,lcp1,523.0
meis1,sh2d5,398.0
meis1,cdt1,410.0
meis1,dusp1,535.0
meis1,slc39a13,369.0
meis1,s100a6,416.0
meis1,rftn1,508.0
meis1,hid1,502.0
meis1,nrros,520.0
meis1,cks1b,390.0
meis1,rps27l,366.0
meis1,rhoh,444.0
meis1,elf1,331.0
meis1,atp1a3,447.0
meis1,ctsg,407.0
meis1,hmgb2,532.0
meis1,cipc,367.0
meis1,plek,353.0
meis1,nupr1,537.0
meis1,slc25a5,496.0
meis1,zyx,284.0
meis1,plcl1,483.0
meis1,parvg,344.0
meis1,afdn,224.0
meis1,rnf125,343.0
meis1,mogs,404.0
meis1,maml3,295.0
meis1,upp1,392.0
meis1,lyn,352.0
meis1,rhof,437.0
meis1,ranbp1,378.0
meis1,adssl1,367.0
meis1,pf4,255.0
meis1,prnp,327.0
meis1,tmem14c,315.0
meis1,ell2,372.0
meis1,tmem206,277.0
meis1,arl11,451.0
meis1,pear1,378.0
meis1,dhrs3,348.0
meis1,il18rap,297.0
meis1,rgs2,285.0
meis1,gramd1a,257.0
meis1,plin3,252.0
meis1,coro1a,273.0
meis1,cd244a,273.0
meis1,dck,320.0
meis1,st8sia4,207.0
meis1,vamp1,259.0
meis1,itgal,264.0
meis1,kif17,439.0
meis1,tifab,424.0
meis1,rnf13,352.0
meis1,kctd12,267.0
meis1,trib3,333.0
meis1,cdk17,310.0
meis1,lsp1,278.0
meis1,tmem37,281.0
meis1,arhgef39,365.0
meis1,prim1,314.0
meis1,slc44a2,335.0
meis1,dennd2d,354.0
meis1,gas2l3,303.0
meis1,ankrd44,294.0
meis1,obsl1,572.0
meis1,clca3a1,366.0
meis1,btg2,232.0
meis1,pld4,290.0
meis1,rnf38,321.0
meis1,arhgap18,275.0
meis1,nsmf,334.0
meis1,cttn,214.0
meis1,tbc1d5,206.0
meis1,ndrg2,272.0
meis1,cdk19,236.0
meis1,tyrobp,328.0
meis1,cbfb,354.0
meis1,rpl41,320.0
meis1,ppm1g,276.0
meis1,ncapd2,197.0
meis1,stk17b,194.0
meis1,cbx7,275.0
meis1,eepd1,285.0
meis1,klf6,279.0
meis1,arhgap29,271.0
meis1,ccl3,255.0
meis1,tubb4b,283.0
meis1,slc16a10,271.0
meis1,spns3,328.0
meis1,slfn2,279.0
meis1,app,281.0
meis1,rgs19,315.0
meis1,bc035044,306.0
meis1,ubash3a,263.0
meis1,nceh1,202.0
meis1,dtl,279.0
meis1,msmo1,261.0
meis1,tapt1,250.0
meis1,cpq,307.0
meis1,car2,268.0
meis1,slc18a1,286.0
meis1,dusp5,247.0
meis1,sdc2,317.0
meis1,pygl,278.0
meis1,gfi1b,289.0
meis1,chil5,313.0
meis1,snap23,247.0
meis1,nt5c3,234.0
meis1,slc6a15,429.0
meis1,ap1s2,275.0
meis1,csgalnact1,303.0
meis1,capg,198.0
meis1,unc93b1,252.0
meis1,panx1,220.0
meis1,ucp2,218.0
meis1,arrdc4,235.0
meis1,p2rx1,223.0
meis1,ikzf1,238.0
meis1,gm2a,242.0
meis1,ptger2,230.0
meis1,gdf3,398.0
meis1,fcrl1,283.0
meis1,stk10,215.0
meis1,def8,160.0
meis1,efna1,222.0
meis1,ankrd33b,212.0
meis1,anxa2,254.0
meis1,fdft1,217.0
meis1,ppcdc,191.0
meis1,cd44,236.0
meis1,hdac7,199.0
meis1,slc39a6,257.0
meis1,tgm2,220.0
meis1,icos,193.0
meis1,cpne8,193.0
meis1,arhgap15,200.0
meis1,tipin,204.0
meis1,ctss,221.0
meis1,plekhb1,225.0
meis1,stxbp1,212.0
meis1,pstpip1,191.0
meis1,elovl5,134.0
meis1,tm6sf1,175.0
meis1,mllt3,181.0
meis1,mcm4,181.0
meis1,aplp2,183.0
meis1,itpr2,174.0
meis1,ccdc112,188.0
meis1,gng11,207.0
meis1,frmd6,195.0
meis1,stard4,174.0
meis1,zfp62,190.0
meis1,napsa,231.0
meis1,c1rl,179.0
meis1,tmsb4x,167.0
meis1,emp1,177.0
meis1,clec2i,192.0
meis1,cd53,159.0
meis1,prune2,178.0
meis1,nucb2,175.0
meis1,ifi27,160.0
meis1,trim59,155.0
meis1,fcho2,170.0
meis1,rora,197.0
meis1,fcgrt,164.0
meis1,myc,157.0
meis1,mcm5,163.0
meis1,pgrmc1,288.0
meis1,esr1,179.0
meis1,tmem268,149.0
meis1,ctnnal1,280.0
meis1,slc43a2,183.0
meis1,gda,151.0
meis1,taldo1,145.0
meis1,gstt1,137.0
meis1,arpp21,143.0
meis1,eya2,266.0
meis1,nlrc3,261.0
meis1,slc2a3,132.0
meis1,sat1,135.0
meis1,satb1,246.0
meis1,lax1,130.0
meis1,gbp9,135.0
meis1,kazald1,156.0
meis1,h2afy,135.0
meis1,ndnf,234.0
meis1,cavin2,231.0
meis1,hnrnpab,126.0
meis1,runx1t1,227.0
meis1,mctp2,128.0
meis1,lrrc8c,114.0
meis1,ggta1,115.0
meis1,cmah,222.0
meis1,ctsh,117.0
meis1,slc16a2,220.0
meis1,gmnn,123.0
meis1,ltb,213.0
meis1,siglecg,211.0
meis1,hspe1,132.0
meis1,xpc,108.0
meis1,lgmn,201.0
meis1,vegfc,199.0
meis1,cst7,198.0
meis1,naip6,195.0
meis1,osgin1,191.0
meis1,uhrf1,190.0
meis1,prkch,190.0
meis1,ptp4a3,109.0
meis1,h2-ob,179.0
meis1,runx2,178.0
meis1,cd74,178.0
meis1,ttc39b,176.0
meis1,jpt1,176.0
meis1,ramp1,172.0
meis1,adgrg1,172.0
meis1,slc29a1,171.0
meis1,cct2,171.0
meis1,pde1c,169.0
meis1,fam171b,169.0
meis1,paqr5,162.0
meis1,rasa4,160.0
meis1,drc7,156.0
meis1,slc22a3,154.0
meis1,gpx3,154.0
meis1,enpp5,152.0
meis1,shroom4,151.0
meis1,tbxas1,147.0
meis1,kit,147.0
meis1,coq8a,145.0
meis1,dach1,144.0
meis1,rbpms,141.0
meis1,gm973,139.0
meis1,cdkn1c,138.0
meis1,ttll7,135.0
meis1,tnfaip2,135.0
meis1,npm1,135.0
meis1,socs2,134.0
meis1,rusc2,134.0
meis1,fgfr3,134.0
meis1,mef2c,131.0
meis1,tcaf1,129.0
meis1,cd93,129.0
meis1,tfpi,126.0
meis1,haao,125.0
meis1,pkn3,113.0
meis1,gpc1,111.0
meis1,uap1l1,105.0
meis1,ctsb,103.0
myc,cct2,3717.0
myc,npm1,2396.0
myc,nhp2,3018.0
myc,mcm7,2696.0
myc,ampd2,2502.0
myc,slc29a1,2632.0
myc,pbld2,2366.0
myc,hspe1,1935.0
myc,xrcc6,2298.0
myc,cks1b,2081.0
myc,ybx1,2070.0
myc,ranbp1,1610.0
myc,h2-dma,1549.0
myc,cd63,2633.0
myc,rnf13,2466.0
myc,hnrnpab,1682.0
myc,pkn3,1700.0
myc,camsap2,2164.0
myc,xpc,1715.0
myc,myo5a,2257.0
myc,me2,2033.0
myc,nt5c3,1777.0
myc,slc43a2,2641.0
myc,rps27l,1841.0
myc,ncapd2,1827.0
myc,slc39a13,1851.0
myc,tmem268,1332.0
myc,slc39a6,1646.0
myc,slc25a5,1497.0
myc,cdt1,1386.0
myc,nudt19,1653.0
myc,znrf2,1091.0
myc,cipc,1283.0
myc,coq8a,1508.0
myc,dtl,1296.0
myc,gsn,1928.0
myc,pdcd4,2258.0
myc,rpl41,1772.0
myc,pola2,1405.0
myc,cdk6,1518.0
myc,tubb4b,1696.0
myc,ppm1g,1113.0
myc,tmem123,1226.0
myc,serp1,1491.0
myc,lars2,1636.0
myc,nceh1,1403.0
myc,txnip,1849.0
myc,gaa,1641.0
myc,tbc1d5,1247.0
myc,serpinf1,1834.0
myc,ica1,2292.0
myc,mogs,1302.0
myc,stk10,1688.0
myc,bcl2,1570.0
myc,ppcdc,1552.0
myc,sdc1,1092.0
myc,zfp62,1117.0
myc,trim47,1285.0
myc,pafah2,987.0
myc,tmem206,1111.0
myc,uhrf1,1784.0
myc,itgb7,2252.0
myc,erp29,975.0
myc,dynll1,851.0
myc,rgs19,1110.0
myc,kcnk5,1564.0
myc,rgs2,1395.0
myc,sgms1,1024.0
myc,zyx,1824.0
myc,rnf213,1150.0
myc,cpne8,1305.0
myc,cd44,1345.0
myc,lonp2,1027.0
myc,gpx1,979.0
myc,jpt1,770.0
myc,uqcr11,983.0
myc,ctsl,1450.0
myc,pkia,1469.0
myc,nsmf,1592.0
myc,def8,1277.0
myc,mtus1,1257.0
myc,mpzl1,956.0
myc,abhd17b,1231.0
myc,cox7b,1126.0
myc,camk1d,1053.0
myc,trim59,1013.0
myc,elovl5,1061.0
myc,fdft1,818.0
myc,anxa5,988.0
myc,mgat1,840.0
myc,nupr1,1499.0
myc,igfbp4,1161.0
myc,snap47,839.0
myc,rras,735.0
myc,cpq,1671.0
myc,cdk19,1150.0
myc,gm2a,1002.0
myc,dusp1,1042.0
myc,sat1,1068.0
myc,top2a,1021.0
myc,tipin,859.0
myc,itgb5,1205.0
myc,c1rl,1374.0
myc,gstm1,1850.0
myc,slbp,1117.0
myc,frmd6,1033.0
myc,serpinb6a,632.0
myc,arrdc4,1401.0
myc,tmem14c,1010.0
myc,fcho2,732.0
myc,n4bp3,936.0
myc,st8sia4,1161.0
myc,tapt1,806.0
myc,nfia,931.0
myc,vamp1,724.0
myc,elf1,689.0
myc,ssh2,812.0
myc,slc18a1,679.0
myc,zfp658,1214.0
myc,itpr2,890.0
myc,tspan3,793.0
myc,rel,781.0
myc,afdn,787.0
myc,ctnnal1,1013.0
myc,spns2,590.0
myc,ccng2,1188.0
myc,hlf,1168.0
myc,uap1l1,699.0
myc,maml3,788.0
myc,cnn3,616.0
myc,runx1t1,1312.0
myc,rusc2,809.0
myc,fcgrt,1422.0
myc,creg1,808.0
myc,trim16,872.0
myc,man1a,861.0
myc,kit,1136.0
myc,irf8,1573.0
myc,dck,730.0
myc,stard4,710.0
myc,gas2l3,1225.0
myc,nucb2,661.0
myc,obsl1,936.0
myc,slc26a11,545.0
myc,prim1,612.0
myc,prps2,853.0
myc,rnf38,606.0
myc,nrros,894.0
myc,ucp2,729.0
myc,slc44a2,704.0
myc,cdk17,657.0
myc,mcm4,739.0
myc,ptp4a3,658.0
myc,fut8,602.0
myc,meis1,580.0
myc,taldo1,655.0
myc,zfp422,1080.0
myc,cbx7,1192.0
myc,arhgap18,583.0
myc,fgd2,1563.0
myc,ap1s2,526.0
myc,zfp367,641.0
myc,il17ra,757.0
myc,arid5a,640.0
myc,hsd3b7,1016.0
myc,msmo1,559.0
myc,prr5,578.0
myc,cx3cl1,893.0
myc,itgb2,1184.0
myc,plk2,687.0
myc,nckap1,705.0
myc,neo1,943.0
myc,ppp1r15a,643.0
myc,itsn1,1742.0
myc,fkbp9,809.0
myc,rasip1,939.0
myc,fads1,443.0
myc,nfe2,1450.0
myc,ctr9,520.0
myc,h2afy,451.0
myc,rab27b,925.0
myc,btg2,616.0
myc,f2r,625.0
myc,hmgb2,688.0
myc,slc16a10,996.0
myc,kazald1,736.0
myc,flna,607.0
myc,ttc39b,521.0
myc,cbfb,597.0
myc,il1r1,710.0
myc,otulinl,536.0
myc,cttn,849.0
myc,mllt3,693.0
myc,flt3,1058.0
myc,tmem176b,853.0
myc,efna1,1193.0
myc,chrnb1,1125.0
myc,cdk18,731.0
myc,klf3,786.0
myc,arhgef18,1291.0
myc,cd81,499.0
myc,otub2,496.0
myc,tyrobp,1012.0
myc,h1f0,536.0
myc,gmnn,519.0
myc,adssl1,707.0
myc,car2,1200.0
myc,aplp2,747.0
myc,socs2,458.0
myc,cd9,613.0
myc,haao,697.0
myc,cox6a1,525.0
myc,tpm4,1109.0
myc,plekhg6,1002.0
myc,ctss,1145.0
myc,mcm5,534.0
myc,rhoh,736.0
myc,dennd2d,688.0
myc,ldhb,876.0
myc,stk17b,491.0
myc,lcp1,941.0
myc,wls,560.0
myc,arhgap29,504.0
myc,prune2,846.0
myc,ttll7,725.0
myc,dpp4,1030.0
myc,angpt1,599.0
myc,unc93b1,563.0
myc,ifitm3,496.0
myc,eepd1,702.0
myc,trib3,462.0
myc,tgm2,1067.0
myc,zfp37,515.0
myc,dusp6,851.0
myc,rnf125,571.0
myc,atpif1,424.0
myc,ptpre,677.0
myc,ocln,807.0
myc,dusp5,411.0
myc,prdm16,467.0
myc,lgals1,499.0
myc,dhrs3,509.0
myc,adamtsl5,608.0
myc,stxbp1,766.0
myc,emb,753.0
myc,ly9,804.0
myc,tmem37,601.0
myc,spc24,559.0
myc,plin3,362.0
myc,akna,575.0
myc,ces2g,1010.0
myc,gda,1279.0
myc,selenop,530.0
myc,mki67,554.0
myc,igf1,632.0
myc,h2-q6,625.0
myc,fam171b,564.0
myc,sdc2,513.0
myc,ccdc112,557.0
myc,btla,948.0
myc,rftn1,541.0
myc,panx1,382.0
myc,gramd1a,319.0
myc,ndrg2,604.0
myc,jam3,530.0
myc,tead2,574.0
myc,tfr2,728.0
myc,rab40b,637.0
myc,ptgs1,562.0
myc,mpdz,370.0
myc,rora,506.0
myc,rhbdf1,525.0
myc,foxo1,277.0
myc,hnf4a,990.0
myc,lactb,476.0
myc,rassf2,399.0
myc,ctsb,669.0
myc,ppic,481.0
myc,mettl7a1,474.0
myc,tes,379.0
myc,adgrg1,459.0
myc,ldhd,725.0
myc,usp11,435.0
myc,s100a6,439.0
myc,f11r,651.0
myc,app,279.0
myc,nwd1,925.0
myc,bdh2,712.0
myc,pdgfc,506.0
myc,tbxa2r,860.0
myc,prnp,606.0
myc,lyn,407.0
myc,ghr,310.0
myc,selplg,632.0
myc,pag1,444.0
myc,klf6,438.0
myc,sstr2,393.0
myc,lax1,725.0
myc,mef2c,575.0
myc,pirb,725.0
myc,tmem246,557.0
myc,shroom4,390.0
myc,kctd12,362.0
myc,tfpi,1437.0
myc,vldlr,280.0
myc,npdc1,373.0
myc,rarb,490.0
myc,zfp612,569.0
myc,fgfr3,295.0
myc,apoe,360.0
myc,slc6a15,699.0
myc,pbx1,649.0
myc,notch1,394.0
myc,laptm5,524.0
myc,capg,301.0
myc,fhl1,376.0
myc,coro7,301.0
myc,paqr5,465.0
myc,ikzf1,338.0
myc,tspan13,303.0
myc,lsp1,321.0
myc,irf6,440.0
myc,plekhb1,557.0
myc,fam171a1,507.0
myc,ctsf,413.0
myc,hdac7,299.0
myc,plxna1,724.0
myc,rhoj,381.0
myc,ccl9,394.0
myc,pygl,523.0
myc,fcrl1,711.0
myc,hid1,396.0
myc,gbp9,605.0
myc,card11,569.0
myc,pgrmc1,317.0
myc,cish,385.0
myc,golm1,475.0
myc,tcaf1,305.0
myc,cav2,386.0
myc,cavin2,268.0
myc,emp1,297.0
myc,nav1,785.0
myc,ndnf,476.0
myc,zmiz1,259.0
myc,ly86,494.0
myc,runx2,278.0
myc,snap23,240.0
myc,lgmn,339.0
myc,itga6,328.0
myc,kif17,432.0
myc,lrrc8c,298.0
myc,irak3,293.0
myc,dock10,461.0
myc,syk,359.0
myc,ankrd44,340.0
myc,vegfc,443.0
myc,gm973,558.0
myc,clu,270.0
myc,slc9a9,480.0
myc,nr3c2,317.0
myc,pstpip1,375.0
myc,arhgdib,327.0
myc,plek,444.0
myc,sdsl,447.0
myc,cd55,444.0
myc,krt18,395.0
myc,hoxa9,343.0
myc,col4a2,270.0
myc,col4a1,270.0
myc,acap1,447.0
myc,spi1,387.0
myc,vdr,355.0
myc,casp12,260.0
myc,napsa,324.0
myc,cd48,262.0
myc,bc035044,368.0
myc,tbxas1,379.0
myc,mecom,349.0
myc,gbp2,359.0
myc,sh2d5,271.0
myc,parp8,297.0
myc,ankrd33b,279.0
myc,ubash3a,817.0
myc,sfrp1,384.0
myc,cd93,491.0
myc,gpc1,377.0
myc,atp8b4,289.0
myc,p2ry14,332.0
myc,cfp,401.0
myc,tnfaip2,456.0
myc,slc16a2,249.0
myc,kbtbd11,368.0
myc,cmah,344.0
myc,ube2l6,212.0
myc,mn1,344.0
myc,plcl1,362.0
myc,evi2a,287.0
myc,esr1,453.0
myc,noxa1,632.0
myc,pdgfrb,486.0
myc,parvg,321.0
myc,cd74,408.0
myc,csgalnact1,231.0
myc,rbpms,455.0
myc,myc,213.0
myc,tmem173,263.0
myc,tespa1,290.0
myc,upp1,264.0
myc,ctsh,291.0
myc,ell2,370.0
myc,clec14a,286.0
myc,chil5,434.0
myc,pear1,233.0
myc,ggta1,295.0
myc,prkch,258.0
myc,ifi27l2a,471.0
myc,cd53,306.0
myc,slc35d3,431.0
myc,depp1,555.0
myc,arpp21,753.0
myc,gbp4,336.0
myc,cd244a,360.0
myc,gata2,239.0
myc,pde1b,316.0
myc,procr,356.0
myc,clec12a,238.0
myc,arhgap27,244.0
myc,gimap5,480.0
myc,arhgef28,175.0
myc,gpr65,367.0
myc,cers4,413.0
myc,pld4,266.0
myc,gimap8,277.0
myc,gng2,428.0
myc,blnk,399.0
myc,rasal3,262.0
myc,neurl3,437.0
myc,fuca2,263.0
myc,slco3a1,251.0
myc,anxa2,253.0
myc,gimap1,327.0
myc,amigo2,305.0
myc,sell,316.0
myc,gdf3,850.0
myc,arhgap15,280.0
myc,cd38,253.0
myc,pkib,340.0
myc,samsn1,391.0
myc,slfn2,315.0
myc,rasa4,276.0
myc,coro1a,242.0
myc,trpv2,244.0
myc,lck,191.0
myc,dock11,161.0
myc,vamp5,212.0
myc,cd69,258.0
myc,cst7,202.0
myc,fam110c,184.0
myc,epsti1,237.0
myc,satb1,345.0
myc,ctnnd2,263.0
myc,inhba,186.0
myc,osgin1,160.0
myc,cpxm1,275.0
myc,arhgef39,216.0
myc,itgal,297.0
myc,enpp5,224.0
myc,mctp2,223.0
myc,mrvi1,221.0
myc,ifi27,139.0
myc,abcg2,354.0
myc,xdh,211.0
myc,pf4,244.0
myc,sema3d,617.0
myc,rcsd1,148.0
myc,slc2a3,379.0
myc,mylk,230.0
myc,traf1,457.0
myc,cox6a2,193.0
myc,gstt1,227.0
myc,prss57,245.0
myc,pde1c,201.0
myc,card6,204.0
myc,rp2,148.0
myc,slc16a11,202.0
myc,il7r,337.0
myc,plppr3,203.0
myc,smpdl3a,263.0
myc,cdkn1c,258.0
myc,siglecg,233.0
myc,obscn,484.0
myc,tsc22d3,209.0
myc,ccdc136,219.0
myc,uba7,175.0
myc,gfi1b,181.0
myc,tmsb4x,164.0
myc,zbtb20,185.0
myc,plxnc1,178.0
myc,serpinb1a,161.0
myc,tm4sf1,216.0
myc,slc22a3,386.0
myc,crip1,156.0
myc,dok2,150.0
myc,gpr18,156.0
myc,fut7,215.0
myc,vav3,374.0
myc,tspan2,146.0
myc,dach1,242.0
myc,eya2,277.0
myc,jam2,197.0
myc,serpina3g,348.0
myc,serpina3f,348.0
myc,atp1a3,180.0
myc,plac8,339.0
myc,ncf1,223.0
myc,maged2,170.0
myc,mamdc2,169.0
myc,chst2,207.0
myc,hacd4,295.0
myc,gm1966,148.0
myc,5430427o19rik,142.0
myc,aldh1a1,170.0
myc,ltb,159.0
myc,rnase6,141.0
myc,cd33,253.0
myc,jchain,248.0
myc,gpr171,143.0
myc,naip6,126.0
myc,tifab,216.0
myc,spns3,206.0
myc,ggt5,198.0
myc,cadps2,197.0
myc,aff3,195.0
myc,rhof,116.0
myc,adgrg3,189.0
myc,clca3a1,186.0
myc,ebi3,173.0
myc,fstl1,170.0
myc,art4,166.0
myc,ctsw,158.0
myc,myct1,167.0
myc,arl11,152.0
myc,tm6sf1,145.0
myc,h2-ob,144.0
myc,cyfip2,141.0
myc,sytl1,139.0
myc,mycn,133.0
myc,csf1r,129.0
myc,klrd1,128.0
myc,d630039a03rik,126.0
myc,wfdc2,119.0
myc,sox18,119.0
myc,mpeg1,118.0
myc,sult1a1,116.0
myc,ptger2,116.0
myc,clip3,112.0
myc,gng11,106.0
notch1,pafah2,1735.0
notch1,ppcdc,1527.0
notch1,txnip,1251.0
notch1,lck,1243.0
notch1,cdk19,826.0
notch1,dynll1,848.0
notch1,tmem206,400.0
notch1,itsn1,321.0
notch1,trib3,597.0
notch1,dusp6,447.0
notch1,fdft1,474.0
notch1,nt5c3,258.0
notch1,xpc,404.0
notch1,tubb4b,386.0
notch1,prim1,495.0
notch1,mcm4,388.0
notch1,msmo1,332.0
notch1,hmgb2,326.0
notch1,me2,334.0
notch1,klf6,335.0
notch1,jpt1,255.0
notch1,hspe1,320.0
notch1,lax1,259.0
notch1,hdac7,242.0
notch1,mcm5,310.0
notch1,nckap1,240.0
notch1,pbld2,295.0
notch1,cdk17,308.0
notch1,tipin,267.0
notch1,slbp,262.0
notch1,otulinl,250.0
notch1,ppm1g,260.0
notch1,mpzl1,260.0
notch1,gm2a,222.0
notch1,lars2,255.0
notch1,frmd6,297.0
notch1,zfp367,234.0
notch1,fut8,188.0
notch1,ncapd2,180.0
notch1,vamp1,348.0
notch1,laptm5,196.0
notch1,spc24,243.0
notch1,nr3c2,250.0
notch1,stard4,224.0
notch1,nucb2,225.0
notch1,plcl1,224.0
notch1,mki67,249.0
notch1,ybx1,212.0
notch1,slc16a10,153.0
notch1,pdcd4,247.0
notch1,rpl41,229.0
notch1,znrf2,221.0
notch1,hnrnpab,204.0
notch1,slc39a13,140.0
notch1,tmem123,192.0
notch1,rgs2,197.0
notch1,xrcc6,201.0
notch1,lonp2,156.0
notch1,dtl,146.0
notch1,coq8a,187.0
notch1,cdt1,206.0
notch1,serp1,123.0
notch1,arpp21,189.0
notch1,elovl5,121.0
notch1,ranbp1,142.0
notch1,zfp62,177.0
notch1,dck,199.0
notch1,ssh2,181.0
notch1,cipc,204.0
notch1,zfp422,180.0
notch1,tfpi,187.0
notch1,pstpip1,166.0
notch1,mllt3,167.0
notch1,man1a,167.0
notch1,lcp1,180.0
notch1,btg2,158.0
notch1,cct2,161.0
notch1,uhrf1,159.0
notch1,tspan3,150.0
notch1,stxbp1,188.0
notch1,tbc1d5,283.0
notch1,myc,484.0
notch1,nfe2,184.0
notch1,pag1,140.0
notch1,acap1,145.0
notch1,fads1,163.0
notch1,lgmn,140.0
notch1,tspan13,149.0
notch1,rab38,256.0
notch1,ap1s2,129.0
notch1,tmem14c,124.0
notch1,nhp2,124.0
notch1,nrros,133.0
notch1,prkch,128.0
notch1,nceh1,116.0
notch1,camk1d,120.0
notch1,arhgap18,118.0
notch1,tespa1,122.0
notch1,mgat1,121.0
notch1,adgrl4,222.0
notch1,slc39a6,116.0
notch1,cks1b,109.0
notch1,gas2l3,105.0
notch1,arid5a,203.0
notch1,gda,125.0
notch1,eepd1,103.0
notch1,ldhb,103.0
notch1,rnf13,108.0
notch1,h1f0,192.0
notch1,cav2,189.0
notch1,rab27b,188.0
notch1,rel,187.0
notch1,camsap2,107.0
notch1,tbxa2r,110.0
notch1,gng11,177.0
notch1,cavin2,177.0
notch1,rp2,170.0
notch1,tcaf1,169.0
notch1,maml3,168.0
notch1,trpc6,166.0
notch1,ndn,166.0
notch1,cd244a,163.0
notch1,foxo1,159.0
notch1,gucy1a1,158.0
notch1,tmem246,155.0
notch1,gsn,154.0
notch1,scrn1,153.0
notch1,rnf38,149.0
notch1,pygl,148.0
notch1,vegfc,145.0
notch1,rps27l,144.0
notch1,cx3cl1,140.0
notch1,slc6a15,139.0
notch1,ttll7,135.0
notch1,rnase6,135.0
notch1,myo5a,135.0
notch1,gbp9,135.0
notch1,cd34,135.0
notch1,dpp4,133.0
notch1,h2afy,132.0
notch1,gbp4,132.0
notch1,jam3,131.0
notch1,ocln,129.0
notch1,atpif1,128.0
notch1,zfp37,125.0
notch1,rhoj,125.0
notch1,rarb,125.0
notch1,pkib,125.0
notch1,cpq,125.0
notch1,ctsh,124.0
notch1,rhoh,123.0
notch1,ppic,123.0
notch1,mtus1,123.0
notch1,irf8,122.0
notch1,ptpre,120.0
notch1,hck,117.0
notch1,gpx1,117.0
notch1,jam2,115.0
notch1,slc18a1,114.0
notch1,flt3,111.0
notch1,trim16,110.0
notch1,tm6sf1,109.0
notch1,plxdc2,106.0
notch1,stk17b,105.0
notch1,smpdl3a,105.0
notch1,pkia,105.0
notch1,anxa5,105.0
notch1,nlrc3,103.0
notch1,rassf2,102.0
notch1,aplp2,102.0
notch1,csgalnact1,101.0
notch1,pdgfrb,185.0
notch1,il12a,175.0
notch1,cdkn1c,167.0
rag2,slbp,1462.0
rag2,def8,1473.0
rag2,frmd6,1154.0
rag2,cks1b,1149.0
rag2,rgs2,1297.0
rag2,slc18a1,1340.0
rag2,ssh2,1196.0
rag2,coq8a,1332.0
rag2,tmem268,1263.0
rag2,h2afy,1173.0
rag2,pdcd4,1140.0
rag2,tbc1d5,1083.0
rag2,stk17b,1166.0
rag2,ptp4a3,1323.0
rag2,znrf2,1039.0
rag2,mcm7,1100.0
rag2,fut8,1332.0
rag2,serp1,1026.0
rag2,cct2,1222.0
rag2,gmnn,1070.0
rag2,plcl1,1294.0
rag2,ankrd44,996.0
rag2,il17ra,966.0
rag2,rasal3,950.0
rag2,ctr9,936.0
rag2,ctsb,1217.0
rag2,tmem123,1113.0
rag2,mcm4,857.0
rag2,zfp422,1057.0
rag2,tmem206,1124.0
rag2,hnrnpab,902.0
rag2,zfp62,916.0
rag2,dtl,1029.0
rag2,camsap2,1033.0
rag2,otulinl,1267.0
rag2,slc39a13,941.0
rag2,rftn1,1262.0
rag2,ccng2,968.0
rag2,snap47,1136.0
rag2,tmem14c,1116.0
rag2,nudt19,1010.0
rag2,tspan3,1214.0
rag2,abhd17b,899.0
rag2,gimap1,902.0
rag2,dynll1,879.0
rag2,cdk19,912.0
rag2,serpinb6a,1070.0
rag2,pgrmc1,930.0
rag2,unc93b1,940.0
rag2,dusp1,934.0
rag2,dusp5,1006.0
rag2,jpt1,834.0
rag2,slc44a2,771.0
rag2,arid5a,1019.0
rag2,klf6,806.0
rag2,xpc,989.0
rag2,rnf38,1007.0
rag2,elf1,765.0
rag2,gaa,1224.0
rag2,dck,885.0
rag2,tspan13,940.0
rag2,lactb,1029.0
rag2,rel,908.0
rag2,tapt1,828.0
rag2,card6,905.0
rag2,aplp2,991.0
rag2,cbx7,899.0
rag2,me2,904.0
rag2,cdk17,734.0
rag2,pag1,851.0
rag2,lrrc8c,846.0
rag2,rps27l,906.0
rag2,lars2,916.0
rag2,itga6,881.0
rag2,syk,892.0
rag2,vamp1,731.0
rag2,nceh1,1052.0
rag2,ranbp1,934.0
rag2,tmsb4x,684.0
rag2,pbld2,835.0
rag2,itpr2,760.0
rag2,lonp2,822.0
rag2,rnf13,866.0
rag2,uqcr11,864.0
rag2,fcho2,944.0
rag2,slc25a5,946.0
rag2,tespa1,676.0
rag2,dhrs3,705.0
rag2,hspe1,1045.0
rag2,hdac7,939.0
rag2,anxa5,799.0
rag2,txnip,646.0
rag2,erp29,924.0
rag2,parp8,749.0
rag2,tipin,936.0
rag2,ppcdc,948.0
rag2,creg1,1048.0
rag2,klf3,807.0
rag2,cnn3,852.0
rag2,tes,1050.0
rag2,gpx1,788.0
rag2,tubb4b,907.0
rag2,panx1,841.0
rag2,nrros,734.0
rag2,gas2l3,870.0
rag2,trim59,845.0
rag2,slfn2,705.0
rag2,mogs,1046.0
rag2,angpt1,762.0
rag2,otub2,1392.0
rag2,foxo1,744.0
rag2,selenop,739.0
rag2,itgb2,728.0
rag2,stk10,847.0
rag2,ly9,801.0
rag2,laptm5,607.0
rag2,zyx,788.0
rag2,cdt1,974.0
rag2,itsn1,711.0
rag2,ppp1r15a,711.0
rag2,rcsd1,750.0
rag2,nt5c3,882.0
rag2,camk1d,779.0
rag2,rassf2,765.0
rag2,rgs19,823.0
rag2,tpm4,734.0
rag2,rag2,709.0
rag2,atpif1,892.0
rag2,ncapd2,645.0
rag2,cbfb,823.0
rag2,dock10,830.0
rag2,cd81,901.0
rag2,man1a,797.0
rag2,lsp1,642.0
rag2,ltb,695.0
rag2,emb,1028.0
rag2,arhgap27,677.0
rag2,btg2,662.0
rag2,elovl5,852.0
rag2,gbp4,616.0
rag2,fads1,820.0
rag2,gm2a,858.0
rag2,gbp9,854.0
rag2,ctsl,664.0
rag2,pstpip1,718.0
rag2,mpzl1,1164.0
rag2,cyfip2,649.0
rag2,card11,1012.0
rag2,sgms1,979.0
rag2,zfp367,794.0
rag2,taldo1,866.0
rag2,ppm1g,841.0
rag2,gramd1a,692.0
rag2,parvg,633.0
rag2,ptpre,793.0
rag2,inhba,658.0
rag2,wls,736.0
rag2,n4bp3,1002.0
rag2,ucp2,701.0
rag2,satb1,767.0
rag2,cipc,619.0
rag2,xrcc6,532.0
rag2,arhgdib,546.0
rag2,slc39a6,871.0
rag2,mgat1,667.0
rag2,sat1,696.0
rag2,cox6a1,731.0
rag2,stard4,634.0
rag2,pola2,664.0
rag2,st8sia4,605.0
rag2,myo5a,980.0
rag2,npm1,642.0
rag2,kazald1,674.0
rag2,slc9a9,600.0
rag2,rnf125,749.0
rag2,arhgap18,662.0
rag2,coro1a,530.0
rag2,cish,713.0
rag2,hmgb2,653.0
rag2,gstm1,551.0
rag2,ldhb,816.0
rag2,dpp4,620.0
rag2,ap1s2,757.0
rag2,vav3,690.0
rag2,notch1,736.0
rag2,prim1,527.0
rag2,irak3,736.0
rag2,eepd1,930.0
rag2,zmiz1,602.0
rag2,msmo1,587.0
rag2,h1f0,888.0
rag2,trpv2,597.0
rag2,mcm5,667.0
rag2,prps2,633.0
rag2,tbxa2r,683.0
rag2,sp100,680.0
rag2,csgalnact1,673.0
rag2,ikzf1,575.0
rag2,mllt3,753.0
rag2,acap1,547.0
rag2,slc26a11,631.0
rag2,plxdc2,743.0
rag2,fuca2,651.0
rag2,selplg,697.0
rag2,car2,629.0
rag2,kif17,637.0
rag2,top2a,624.0
rag2,ndrg2,771.0
rag2,cd48,493.0
rag2,cox7b,607.0
rag2,mettl7a1,600.0
rag2,prkch,726.0
rag2,slco3a1,834.0
rag2,slc16a10,750.0
rag2,dennd2d,741.0
rag2,gsn,734.0
rag2,slc43a2,456.0
rag2,akna,596.0
rag2,rp2,592.0
rag2,vamp5,643.0
rag2,uhrf1,659.0
rag2,nhp2,703.0
rag2,spc24,683.0
rag2,usp11,540.0
rag2,bcl2,798.0
rag2,snap23,736.0
rag2,pafah2,510.0
rag2,mctp2,581.0
rag2,smpdl3a,552.0
rag2,chrnb1,738.0
rag2,pkn3,652.0
rag2,ramp1,579.0
rag2,epsti1,481.0
rag2,cd55,1000.0
rag2,slamf1,732.0
rag2,stxbp1,601.0
rag2,mki67,562.0
rag2,arpp21,575.0
rag2,ctnnal1,783.0
rag2,trib3,690.0
rag2,itgal,486.0
rag2,ybx1,524.0
rag2,plin3,578.0
rag2,arhgap15,447.0
rag2,uap1l1,546.0
rag2,prnp,584.0
rag2,dusp6,499.0
rag2,fdft1,462.0
rag2,dock11,509.0
rag2,anxa2,597.0
rag2,arhgef39,606.0
rag2,zbtb20,540.0
rag2,ubash3a,611.0
rag2,tspan2,606.0
rag2,slc29a1,582.0
rag2,siglecg,858.0
rag2,amigo2,580.0
rag2,lcp1,582.0
rag2,plxna1,654.0
rag2,rnf213,437.0
rag2,ifi209,580.0
rag2,coro7,468.0
rag2,cd27,577.0
rag2,gpr171,557.0
rag2,runx2,636.0
rag2,capg,590.0
rag2,cd44,625.0
rag2,esr1,484.0
rag2,plxnc1,605.0
rag2,zfp658,411.0
rag2,tm6sf1,575.0
rag2,adssl1,495.0
rag2,gbp2,387.0
rag2,rhoh,391.0
rag2,lck,456.0
rag2,lyn,709.0
rag2,hid1,671.0
rag2,lax1,543.0
rag2,plk2,547.0
rag2,itm2a,495.0
rag2,ccr7,338.0
rag2,cd52,484.0
rag2,flna,512.0
rag2,ampd2,401.0
rag2,fam171a1,511.0
rag2,ptger2,595.0
rag2,gimap8,455.0
rag2,cers4,532.0
rag2,h2-q6,860.0
rag2,uba7,323.0
rag2,kcnk5,534.0
rag2,trim16,701.0
rag2,cd69,570.0
rag2,f2r,540.0
rag2,il7r,790.0
rag2,nlrc3,600.0
rag2,ell2,609.0
rag2,ccr9,515.0
rag2,rasa4,473.0
rag2,spns3,387.0
rag2,sell,532.0
rag2,abcg3,448.0
rag2,plscr4,393.0
rag2,cd53,648.0
rag2,ggta1,423.0
rag2,kctd12,454.0
rag2,ctss,666.0
rag2,rora,535.0
rag2,icos,396.0
rag2,rpl41,351.0
rag2,nckap1,566.0
rag2,gpc1,644.0
rag2,ube2l6,542.0
rag2,adgrg1,416.0
rag2,dok2,439.0
rag2,eya2,574.0
rag2,cdk6,408.0
rag2,ctsh,794.0
rag2,cd38,584.0
rag2,lgmn,427.0
rag2,abcg2,544.0
rag2,rusc2,579.0
rag2,nucb2,410.0
rag2,cd93,520.0
rag2,rras,359.0
rag2,maml3,342.0
rag2,ipcef1,297.0
rag2,neurl3,634.0
rag2,il12a,437.0
rag2,mef2c,498.0
rag2,crip1,352.0
rag2,kbtbd11,440.0
rag2,cpq,297.0
rag2,ttc39b,372.0
rag2,nsmf,381.0
rag2,ifi27,284.0
rag2,5430427o19rik,492.0
rag2,slc2a3,350.0
rag2,golm1,430.0
rag2,pear1,436.0
rag2,vegfc,461.0
rag2,sdc1,469.0
rag2,napsa,471.0
rag2,spi1,460.0
rag2,dntt,319.0
rag2,bc035044,454.0
rag2,art4,307.0
rag2,meis1,446.0
rag2,blnk,429.0
rag2,rbpms,426.0
rag2,samsn1,341.0
rag2,rhof,459.0
rag2,mycn,289.0
rag2,myc,238.0
rag2,lgals1,426.0
rag2,gimap5,299.0
rag2,serpina3g,407.0
rag2,serpina3f,407.0
rag2,maged2,415.0
rag2,gpr18,334.0
rag2,irf8,442.0
rag2,app,429.0
rag2,itgb5,255.0
rag2,ccdc112,326.0
rag2,fcrl1,425.0
rag2,btla,336.0
rag2,tmem173,499.0
rag2,cav2,427.0
rag2,h2-dma,311.0
rag2,sh2d5,306.0
rag2,kit,364.0
rag2,pbx1,386.0
rag2,gng2,355.0
rag2,cd9,377.0
rag2,rnase6,312.0
rag2,hck,351.0
rag2,afdn,180.0
rag2,nfia,287.0
rag2,arrdc4,382.0
rag2,h2-ob,323.0
rag2,ifi213,388.0
rag2,enpp5,332.0
rag2,lag3,352.0
rag2,rasip1,617.0
rag2,tyrobp,324.0
rag2,ankrd33b,258.0
rag2,cmah,281.0
rag2,mamdc2,433.0
rag2,pkib,246.0
rag2,nfe2,176.0
rag2,clec2i,289.0
rag2,spns2,282.0
rag2,socs2,331.0
rag2,p2ry14,248.0
rag2,fam171b,148.0
rag2,pdgfc,186.0
rag2,haao,294.0
rag2,sstr2,207.0
rag2,pygl,403.0
rag2,gstt1,167.0
rag2,il17re,252.0
rag2,nwd1,196.0
rag2,ly86,240.0
rag2,sytl1,198.0
rag2,slc22a3,205.0
rag2,eng,157.0
rag2,ghr,242.0
rag2,igfbp4,280.0
rag2,traf1,199.0
rag2,gfi1b,264.0
rag2,nav1,236.0
rag2,aff3,151.0
rag2,mn1,224.0
rag2,prr5,298.0
rag2,ifi27l2a,199.0
rag2,s100a6,139.0
rag2,cd74,282.0
rag2,evi2a,174.0
rag2,zfp612,235.0
rag2,vdr,217.0
rag2,tmem176b,170.0
rag2,fgfr3,147.0
rag2,cd63,348.0
rag2,atp8b4,348.0
rag2,emp1,161.0
rag2,arhgap29,224.0
rag2,gm1966,192.0
rag2,slc16a2,123.0
rag2,plek,301.0
rag2,gpr65,301.0
rag2,itgb7,147.0
rag2,paqr5,154.0
rag2,cdkn1c,129.0
rag2,pdgfrb,141.0
rag2,fstl1,124.0
rag2,tifab,163.0
rag2,tfr2,238.0
rag2,ndnf,131.0
rag2,clec12a,151.0
rag2,hlf,119.0
rag2,pirb,114.0
rag2,f11r,200.0
rag2,serpinb1a,193.0
rag2,csf3r,191.0
rag2,plac8,190.0
rag2,rab38,189.0
rag2,dach1,189.0
rag2,mtus1,180.0
rag2,gda,174.0
rag2,xdh,173.0
rag2,tnfaip2,167.0
rag2,ptgs1,167.0
rag2,ifitm3,165.0
rag2,arl11,154.0
rag2,ctsw,152.0
rag2,tgm2,151.0
rag2,pld4,151.0
rag2,pecam1,150.0
rag2,tinagl1,148.0
rag2,tbxas1,147.0
rag2,esam,147.0
rag2,flt3,142.0
rag2,nupr1,139.0
rag2,fam110c,134.0
rag2,pdzk1ip1,132.0
rag2,vldlr,128.0
rag2,bpifc,123.0
rag2,adgrl4,117.0
rag2,ccdc136,116.0
rag2,gucy1a1,115.0
rag2,rab40b,111.0
rag2,cttn,111.0
rag2,p2rx1,110.0
rag2,klhl4,106.0
rag2,ttll7,101.0
rag2,mpeg1,101.0
satb1,rpl41,1720.0
satb1,ssh2,821.0
satb1,arhgap15,1427.0
satb1,capg,1297.0
satb1,tespa1,801.0
satb1,card6,637.0
satb1,lck,1024.0
satb1,arpp21,1178.0
satb1,dhrs3,1506.0
satb1,dock10,716.0
satb1,slc9a9,837.0
satb1,tes,778.0
satb1,ccng2,968.0
satb1,vamp1,826.0
satb1,icos,510.0
satb1,zfp658,599.0
satb1,nt5c3,665.0
satb1,btla,707.0
satb1,gbp4,671.0
satb1,slc2a3,634.0
satb1,clec12a,2128.0
satb1,lax1,597.0
satb1,pafah2,580.0
satb1,slc39a13,679.0
satb1,samsn1,876.0
satb1,cmah,389.0
satb1,acap1,390.0
satb1,dusp6,472.0
satb1,arhgdib,479.0
satb1,ly9,366.0
satb1,rps27l,299.0
satb1,mgat1,493.0
satb1,zfp62,734.0
satb1,mettl7a1,572.0
satb1,gpr18,532.0
satb1,rasal3,404.0
satb1,laptm5,496.0
satb1,itgal,367.0
satb1,gbp9,385.0
satb1,abhd17b,443.0
satb1,tmem123,255.0
satb1,mcm7,368.0
satb1,ranbp1,246.0
satb1,camsap2,505.0
satb1,trpv2,412.0
satb1,ptpre,337.0
satb1,nceh1,362.0
satb1,rras,610.0
satb1,ccr7,319.0
satb1,evi2a,319.0
satb1,gm2a,380.0
satb1,def8,260.0
satb1,lars2,265.0
satb1,mllt3,333.0
satb1,elovl5,524.0
satb1,eya2,271.0
satb1,plin3,229.0
satb1,cipc,331.0
satb1,xpc,260.0
satb1,cdk17,295.0
satb1,tmem173,448.0
satb1,hspe1,302.0
satb1,arid5a,227.0
satb1,tbxa2r,312.0
satb1,dok2,304.0
satb1,zbtb20,326.0
satb1,cdk19,263.0
satb1,ppp1r15a,316.0
satb1,pstpip1,226.0
satb1,dtl,212.0
satb1,gpr65,323.0
satb1,camk1d,242.0
satb1,pld4,1226.0
satb1,selplg,350.0
satb1,anxa5,290.0
satb1,gpr171,205.0
satb1,cct2,577.0
satb1,sla,343.0
satb1,cd52,457.0
satb1,tmem206,223.0
satb1,gstm1,328.0
satb1,nwd1,236.0
satb1,txnip,217.0
satb1,frmd6,253.0
satb1,lonp2,319.0
satb1,mcm4,216.0
satb1,ifi27,505.0
satb1,slc16a11,386.0
satb1,card11,252.0
satb1,gaa,234.0
satb1,sat1,247.0
satb1,arhgap18,411.0
satb1,lrrc8c,217.0
satb1,nlrc3,209.0
satb1,cd69,247.0
satb1,sp100,377.0
satb1,atp8b4,245.0
satb1,maml3,283.0
satb1,myc,1062.0
satb1,syk,775.0
satb1,rhoh,248.0
satb1,me2,458.0
satb1,itgb2,252.0
satb1,kctd12,189.0
satb1,cd53,846.0
satb1,h2-ob,520.0
satb1,akna,255.0
satb1,zfp422,210.0
satb1,lcp1,217.0
satb1,jpt1,467.0
satb1,mki67,303.0
satb1,nrros,230.0
satb1,mpeg1,791.0
satb1,uba7,472.0
satb1,nfe2,471.0
satb1,tipin,498.0
satb1,ppcdc,288.0
satb1,rora,354.0
satb1,ltb,231.0
satb1,cbfb,156.0
satb1,satb1,272.0
satb1,cpq,388.0
satb1,bcl2,450.0
satb1,ptp4a3,325.0
satb1,serpinb6a,289.0
satb1,erp29,364.0
satb1,epsti1,243.0
satb1,rassf2,159.0
satb1,mogs,307.0
satb1,cd33,756.0
satb1,prkch,220.0
satb1,ubash3a,225.0
satb1,pbld2,437.0
satb1,ccl9,513.0
satb1,gimap1,185.0
satb1,ube2l6,214.0
satb1,serp1,273.0
satb1,ctr9,188.0
satb1,slamf1,249.0
satb1,spc24,254.0
satb1,elf1,201.0
satb1,rgs19,378.0
satb1,hdac7,197.0
satb1,dusp1,189.0
satb1,cd7,170.0
satb1,st8sia4,239.0
satb1,cst7,189.0
satb1,il7r,516.0
satb1,fcrl1,529.0
satb1,nhp2,328.0
satb1,hmgb2,162.0
satb1,fcho2,204.0
satb1,klhl4,217.0
satb1,kazald1,177.0
satb1,znrf2,131.0
satb1,bdh2,434.0
satb1,il17re,177.0
satb1,plekhb1,552.0
satb1,msmo1,227.0
satb1,ndrg2,188.0
satb1,slbp,149.0
satb1,fads1,283.0
satb1,unc93b1,367.0
satb1,tmsb4x,705.0
satb1,rnase6,433.0
satb1,coq8a,230.0
satb1,slc39a6,166.0
satb1,clec2i,230.0
satb1,panx1,220.0
satb1,traf1,238.0
satb1,chrnb1,240.0
satb1,gpx1,218.0
satb1,sell,146.0
satb1,irak3,109.0
satb1,slc18a1,200.0
satb1,lsp1,203.0
satb1,slc26a11,300.0
satb1,cdt1,199.0
satb1,tbc1d5,206.0
satb1,adgrg1,198.0
satb1,ankrd44,123.0
satb1,uhrf1,479.0
satb1,cks1b,139.0
satb1,cbx7,233.0
satb1,ap1s2,132.0
satb1,naip6,305.0
satb1,ifi27l2a,150.0
satb1,slc44a2,128.0
satb1,slc35d3,198.0
satb1,coro7,198.0
satb1,hacd4,422.0
satb1,ncapd2,130.0
satb1,tmem268,195.0
satb1,npm1,218.0
satb1,mpzl1,170.0
satb1,ggta1,228.0
satb1,otulinl,186.0
satb1,rnf125,380.0
satb1,dusp5,162.0
satb1,cyfip2,315.0
satb1,tubb4b,217.0
satb1,mcm5,175.0
satb1,chil5,324.0
satb1,slc16a10,306.0
satb1,prss57,192.0
satb1,usp11,160.0
satb1,tyrobp,338.0
satb1,slc43a2,304.0
satb1,itga6,121.0
satb1,gbp2,235.0
satb1,btg2,164.0
satb1,serpinb1a,189.0
satb1,pirb,322.0
satb1,rel,117.0
satb1,xrcc6,154.0
satb1,ipcef1,213.0
satb1,xdh,219.0
satb1,esr1,146.0
satb1,abcg3,146.0
satb1,arhgef18,206.0
satb1,ldhb,114.0
satb1,arhgef39,139.0
satb1,cox6a1,159.0
satb1,cd244a,192.0
satb1,itsn1,152.0
satb1,man1a,124.0
satb1,creg1,148.0
satb1,plcl1,124.0
satb1,p2ry14,119.0
satb1,osgin1,356.0
satb1,napsa,343.0
satb1,h2afy,342.0
satb1,selenop,118.0
satb1,parvg,169.0
satb1,cfp,335.0
satb1,angpt1,175.0
satb1,cox7b,188.0
satb1,ncf1,234.0
satb1,ybx1,119.0
satb1,mctp2,203.0
satb1,5430427o19rik,249.0
satb1,itgb7,154.0
satb1,dennd2d,110.0
satb1,zyx,152.0
satb1,rusc2,151.0
satb1,lactb,203.0
satb1,taldo1,169.0
satb1,lag3,148.0
satb1,klf6,206.0
satb1,trim59,166.0
satb1,uap1l1,158.0
satb1,cd48,134.0
satb1,zmiz1,136.0
satb1,vamp5,133.0
satb1,clu,128.0
satb1,sgms1,125.0
satb1,parp8,245.0
satb1,stk10,156.0
satb1,plek,242.0
satb1,trib3,133.0
satb1,tmem14c,132.0
satb1,stard4,130.0
satb1,gng2,118.0
satb1,mef2c,221.0
satb1,cish,213.0
satb1,itpr2,112.0
satb1,rgs2,129.0
satb1,haao,207.0
satb1,pdcd4,103.0
satb1,ctss,206.0
satb1,mycn,103.0
satb1,ucp2,129.0
satb1,neurl3,200.0
satb1,ifi213,194.0
satb1,gimap4,193.0
satb1,gimap5,106.0
satb1,dpp4,103.0
satb1,gm4951,169.0
satb1,ifi209,167.0
satb1,il18rap,162.0
satb1,s100a6,160.0
satb1,gsn,153.0
satb1,nudt19,147.0
satb1,kcnk5,147.0
satb1,oas2,145.0
satb1,tlr7,140.0
satb1,prim1,135.0
satb1,flt3,135.0
satb1,rnf13,134.0
satb1,lpcat2,134.0
satb1,hnrnpab,134.0
satb1,blnk,132.0
satb1,slfn2,129.0
satb1,ampd2,126.0
satb1,itm2a,124.0
satb1,d630039a03rik,124.0
satb1,uqcr11,123.0
satb1,atpif1,122.0
satb1,tm6sf1,119.0
satb1,tspan3,117.0
satb1,ikzf1,113.0
satb1,gmnn,112.0
satb1,nckap1,106.0
satb1,fdft1,105.0
satb1,stk17b,104.0
spi1,slc39a13,3635.0
spi1,cd53,3285.0
spi1,slc43a2,3346.0
spi1,dusp5,3771.0
spi1,pirb,3787.0
spi1,fgd2,3610.0
spi1,tmem206,2988.0
spi1,nceh1,3554.0
spi1,samsn1,3540.0
spi1,itpr2,3546.0
spi1,laptm5,2890.0
spi1,syk,3275.0
spi1,vamp1,3026.0
spi1,gpr18,3976.0
spi1,cfp,2912.0
spi1,dock10,3032.0
spi1,h2-q6,3318.0
spi1,tm6sf1,3019.0
spi1,il7r,3364.0
spi1,elf1,2928.0
spi1,arid5a,2604.0
spi1,fcrl1,3293.0
spi1,clec12a,3270.0
spi1,rgs19,3111.0
spi1,cbfb,2322.0
spi1,erp29,2803.0
spi1,arhgdib,2886.0
spi1,pld4,2778.0
spi1,vav3,2741.0
spi1,xdh,3173.0
spi1,ncf1,2618.0
spi1,dtl,2582.0
spi1,tespa1,2890.0
spi1,ctss,3073.0
spi1,apoe,3234.0
spi1,atp8b4,2656.0
spi1,mpeg1,2304.0
spi1,myo5a,3164.0
spi1,tbc1d5,3362.0
spi1,xrcc6,3019.0
spi1,rel,2301.0
spi1,rbpms,3325.0
spi1,ranbp1,2356.0
spi1,slc39a6,2602.0
spi1,rnase6,3329.0
spi1,pf4,2753.0
spi1,sgms1,3601.0
spi1,osgin1,2689.0
spi1,ebi3,3220.0
spi1,maged2,3241.0
spi1,arhgap15,2713.0
spi1,arl11,2501.0
spi1,itgb2,2343.0
spi1,taldo1,3168.0
spi1,lcp1,2716.0
spi1,parvg,2571.0
spi1,gfi1b,3175.0
spi1,arrdc4,3305.0
spi1,plcl1,3334.0
spi1,me2,2938.0
spi1,lyn,2504.0
spi1,p2ry14,3176.0
spi1,h2-dma,2575.0
spi1,zfp658,2404.0
spi1,wfdc17,3075.0
spi1,kctd12,2699.0
spi1,itsn1,2484.0
spi1,bc035044,2838.0
spi1,tyrobp,2113.0
spi1,mettl7a1,3478.0
spi1,arhgap27,2361.0
spi1,atp1a3,3118.0
spi1,hacd4,3053.0
spi1,slc26a11,2677.0
spi1,oas2,2840.0
spi1,ppm1g,2738.0
spi1,hmgb2,2253.0
spi1,ptger2,2301.0
spi1,wls,2395.0
spi1,lactb,2673.0
spi1,lonp2,2691.0
spi1,tfec,2751.0
spi1,rftn1,2873.0
spi1,plin3,2334.0
spi1,procr,3305.0
spi1,nt5c3,1977.0
spi1,csf1r,1816.0
spi1,itgal,2639.0
spi1,tmsb4x,2399.0
spi1,gas2l3,2495.0
spi1,mki67,2767.0
spi1,lpcat2,2069.0
spi1,rassf2,1992.0
spi1,mcm7,2516.0
spi1,stard4,2310.0
spi1,gstm1,2130.0
spi1,kazald1,2114.0
spi1,gng2,2063.0
spi1,gramd1a,2125.0
spi1,trpv2,1674.0
spi1,nfe2,2246.0
spi1,dok2,2058.0
spi1,cd244a,1932.0
spi1,trim47,3066.0
spi1,ucp2,2188.0
spi1,nudt19,3002.0
spi1,ikzf1,2610.0
spi1,fut8,1965.0
spi1,znrf2,2412.0
spi1,lsp1,3114.0
spi1,ankrd44,1898.0
spi1,nwd1,2354.0
spi1,ccl9,2127.0
spi1,tmem173,2431.0
spi1,plk2,2923.0
spi1,pdcd4,1885.0
spi1,naip6,2131.0
spi1,napsa,2996.0
spi1,rcsd1,1824.0
spi1,ccl3,2036.0
spi1,fcho2,2890.0
spi1,nucb2,1839.0
spi1,mcm4,2492.0
spi1,unc93b1,1978.0
spi1,cd48,2879.0
spi1,cct2,2338.0
spi1,rhoh,1798.0
spi1,inhba,2063.0
spi1,serp1,2621.0
spi1,abcg3,2809.0
spi1,gbp9,2312.0
spi1,anxa5,2084.0
spi1,dock11,2169.0
spi1,cttn,2526.0
spi1,ldhb,2274.0
spi1,capg,1969.0
spi1,st8sia4,2180.0
spi1,eng,2193.0
spi1,xpc,1533.0
spi1,nrros,1828.0
spi1,cst7,1963.0
spi1,fut7,1738.0
spi1,ptgs1,1914.0
spi1,cdt1,1837.0
spi1,dhrs3,1234.0
spi1,vamp5,1474.0
spi1,rora,1867.0
spi1,plek,1839.0
spi1,mgat1,2538.0
spi1,ampd2,1950.0
spi1,tifab,1643.0
spi1,icos,2729.0
spi1,ctsh,1976.0
spi1,dennd2d,1670.0
spi1,cd33,1611.0
spi1,itgam,1616.0
spi1,evi2a,1293.0
spi1,h2-ob,1787.0
spi1,zfp62,1243.0
spi1,camk1d,1525.0
spi1,tcaf1,2369.0
spi1,rnf125,2670.0
spi1,tes,1930.0
spi1,cdk19,1240.0
spi1,fgd5,1716.0
spi1,abcg2,1542.0
spi1,uhrf1,1675.0
spi1,itgb7,1950.0
spi1,panx1,2075.0
spi1,card11,1680.0
spi1,elovl5,1815.0
spi1,ssh2,1406.0
spi1,rnf213,1799.0
spi1,ghr,1574.0
spi1,il18rap,2542.0
spi1,hck,1473.0
spi1,zfp367,1755.0
spi1,sell,1182.0
spi1,card6,1536.0
spi1,mef2c,2845.0
spi1,cracr2b,1542.0
spi1,selplg,1907.0
spi1,tbxas1,1623.0
spi1,arhgap18,1745.0
spi1,gm2a,1048.0
spi1,epsti1,2206.0
spi1,dusp6,1333.0
spi1,plekhb1,2702.0
spi1,selenop,1841.0
spi1,gbp4,1474.0
spi1,ap1s2,1356.0
spi1,rnf13,2252.0
spi1,rnf38,2289.0
spi1,ctsb,1369.0
spi1,btg2,1589.0
spi1,bcl2,1038.0
spi1,sult1a1,1988.0
spi1,tnfaip2,1700.0
spi1,gimap5,2419.0
spi1,sp100,1824.0
spi1,cd69,2021.0
spi1,spi1,1438.0
spi1,tmem123,1431.0
spi1,arhgef39,1343.0
spi1,slc2a3,1507.0
spi1,slc18a1,1167.0
spi1,serpina3g,3178.0
spi1,gpx1,898.0
spi1,serpina3f,3178.0
spi1,gbp2,1630.0
spi1,pstpip1,1366.0
spi1,slbp,1861.0
spi1,anxa2,1124.0
spi1,gimap1,1855.0
spi1,hsd3b7,1244.0
spi1,il1r1,1930.0
spi1,plxnc1,1734.0
spi1,ifi213,2561.0
spi1,arpp21,2376.0
spi1,vdr,1558.0
spi1,uap1l1,1237.0
spi1,ly86,2613.0
spi1,scarf1,1202.0
spi1,serpinb6a,1414.0
spi1,tfr2,1477.0
spi1,rp2,1983.0
spi1,uba7,1404.0
spi1,eepd1,1107.0
spi1,pafah2,1324.0
spi1,esr1,1799.0
spi1,mpo,2900.0
spi1,slc29a1,1428.0
spi1,ubash3a,2028.0
spi1,lrrc8c,1685.0
spi1,s100a6,1069.0
spi1,ppp1r15a,986.0
spi1,nhp2,1086.0
spi1,tmem14c,1813.0
spi1,rasal3,888.0
spi1,drc7,1038.0
spi1,pkn3,955.0
spi1,cks1b,1296.0
spi1,satb1,1883.0
spi1,spns3,1668.0
spi1,csf3r,1715.0
spi1,gm973,1846.0
spi1,aplp2,1087.0
spi1,cd74,2318.0
spi1,cox6a1,1038.0
spi1,tmem246,1478.0
spi1,fcgrt,1227.0
spi1,gaa,1356.0
spi1,haao,1546.0
spi1,acap1,1677.0
spi1,dynll1,1213.0
spi1,ccr7,1964.0
spi1,bpifc,1544.0
spi1,cd63,937.0
spi1,slfn2,1171.0
spi1,pde1b,1301.0
spi1,akna,1041.0
spi1,blnk,904.0
spi1,gsn,1346.0
spi1,ptp4a3,1199.0
spi1,slco3a1,1267.0
spi1,gpr65,940.0
spi1,mogs,856.0
spi1,flt3,1447.0
spi1,rab38,1889.0
spi1,fuca2,1333.0
spi1,cd52,693.0
spi1,depp1,1738.0
spi1,slc44a2,931.0
spi1,ncapd2,869.0
spi1,hspe1,1453.0
spi1,cdk18,785.0
spi1,pygl,985.0
spi1,cmah,1019.0
spi1,otulinl,2481.0
spi1,gmnn,1299.0
spi1,mcm5,749.0
spi1,ipcef1,1261.0
spi1,frmd6,744.0
spi1,slc25a5,1123.0
spi1,dpp4,1560.0
spi1,trim16,1227.0
spi1,fads1,1066.0
spi1,casp12,1762.0
spi1,def8,1222.0
spi1,top2a,619.0
spi1,socs2,1220.0
spi1,cd7,1214.0
spi1,igf1,690.0
spi1,pdzk1ip1,914.0
spi1,ifi209,922.0
spi1,eya2,1235.0
spi1,mlph,1486.0
spi1,neurl3,720.0
spi1,gimap4,1081.0
spi1,sstr2,1434.0
spi1,slc9a9,1290.0
spi1,gpr171,1802.0
spi1,meis1,774.0
spi1,cers4,1382.0
spi1,cav2,909.0
spi1,stk10,1369.0
spi1,angpt1,1132.0
spi1,uqcr11,891.0
spi1,cx3cl1,755.0
spi1,rarb,1088.0
spi1,spns2,1578.0
spi1,tmem268,1093.0
spi1,txnip,828.0
spi1,hnrnpab,789.0
spi1,gng11,730.0
spi1,adgrg1,890.0
spi1,ptpre,1476.0
spi1,prkch,904.0
spi1,ramp1,842.0
spi1,usp11,1123.0
spi1,smpdl3a,1009.0
spi1,plscr4,1294.0
spi1,5430427o19rik,751.0
spi1,ccr9,1479.0
spi1,coro1a,1273.0
spi1,klf3,1018.0
spi1,pgrmc1,658.0
spi1,prss57,1115.0
spi1,ctr9,998.0
spi1,rras,949.0
spi1,cipc,1063.0
spi1,adgrg3,1397.0
spi1,pear1,1297.0
spi1,dck,826.0
spi1,creg1,1353.0
spi1,trib3,1353.0
spi1,ybx1,722.0
spi1,chil5,1715.0
spi1,tmem176b,600.0
spi1,rgs2,2910.0
spi1,paqr5,920.0
spi1,siglecg,829.0
spi1,upp1,1610.0
spi1,slc35d3,909.0
spi1,cox7b,734.0
spi1,tfpi,1203.0
spi1,ppcdc,1452.0
spi1,man1a,931.0
spi1,tbxa2r,1135.0
spi1,itgb5,577.0
spi1,pbx1,696.0
spi1,gm5111,1179.0
spi1,abhd17b,510.0
spi1,kif17,673.0
spi1,cd9,935.0
spi1,sh2d5,911.0
spi1,ube2l6,793.0
spi1,pbld2,1070.0
spi1,ttc39b,788.0
spi1,tapt1,758.0
spi1,fdft1,760.0
spi1,cdk17,838.0
spi1,lck,970.0
spi1,zfp37,961.0
spi1,cish,1037.0
spi1,ggt5,1216.0
spi1,nkg7,876.0
spi1,camsap2,535.0
spi1,nckap1,694.0
spi1,nr3c2,1026.0
spi1,ctsg,1145.0
spi1,sat1,315.0
spi1,ly9,1063.0
spi1,afdn,1715.0
spi1,rhbdf1,742.0
spi1,lgmn,650.0
spi1,zfp422,792.0
spi1,ifi27,465.0
spi1,fgfr3,809.0
spi1,tubb4b,759.0
spi1,lax1,994.0
spi1,mllt3,833.0
spi1,tsc22d3,559.0
spi1,gda,1817.0
spi1,btla,1072.0
spi1,coq8a,467.0
spi1,npm1,602.0
spi1,trim59,501.0
spi1,gcsam,966.0
spi1,plxdc2,944.0
spi1,nlrc3,1309.0
spi1,c1rl,443.0
spi1,adssl1,972.0
spi1,bdh2,1483.0
spi1,slc22a3,886.0
spi1,pdgfc,517.0
spi1,klf6,1207.0
spi1,clip3,885.0
spi1,pola2,526.0
spi1,il18bp,376.0
spi1,cpq,626.0
spi1,arhgef18,754.0
spi1,ifitm3,630.0
spi1,pgr,2106.0
spi1,rab27b,1118.0
spi1,f2r,1070.0
spi1,shroom4,678.0
spi1,rps27l,290.0
spi1,chrnb1,888.0
spi1,cd44,720.0
spi1,stxbp1,520.0
spi1,runx2,333.0
spi1,ppic,1166.0
spi1,gata2,1581.0
spi1,irf8,702.0
spi1,app,459.0
spi1,hdac7,537.0
spi1,dach1,540.0
spi1,pde1c,1794.0
spi1,cpne8,484.0
spi1,msmo1,596.0
spi1,tipin,500.0
spi1,rhoj,391.0
spi1,nupr1,461.0
spi1,ndn,1585.0
spi1,slamf1,460.0
spi1,zyx,541.0
spi1,rag2,847.0
spi1,zbtb20,1126.0
spi1,gm1966,627.0
spi1,rpl41,613.0
spi1,lars2,416.0
spi1,ccdc136,636.0
spi1,zmiz1,955.0
spi1,mctp2,645.0
spi1,prr5,582.0
spi1,lag3,659.0
spi1,chst2,759.0
spi1,fkbp9,521.0
spi1,aldh1a1,993.0
spi1,snap23,339.0
spi1,klrd1,723.0
spi1,mpzl1,538.0
spi1,coro7,442.0
spi1,tgm2,795.0
spi1,ica1,439.0
spi1,emp1,480.0
spi1,h2afy,516.0
spi1,efna1,399.0
spi1,ifi27l2a,435.0
spi1,itm2a,667.0
spi1,p2rx1,837.0
spi1,myc,321.0
spi1,mylk,1225.0
spi1,ell2,637.0
spi1,ctsl,273.0
spi1,jpt1,343.0
spi1,cbx7,483.0
spi1,rusc2,339.0
spi1,traf1,645.0
spi1,ifitm1,758.0
spi1,mecom,266.0
spi1,tmem37,455.0
spi1,n4bp3,258.0
spi1,pag1,383.0
spi1,tie1,1385.0
spi1,gp9,747.0
spi1,igfbp4,443.0
spi1,cyfip2,473.0
spi1,slc16a11,396.0
spi1,h1f0,356.0
spi1,robo4,445.0
spi1,serpinb1a,950.0
spi1,itga6,238.0
spi1,cd81,891.0
spi1,prnp,347.0
spi1,il12a,804.0
spi1,mamdc2,301.0
spi1,ltb,428.0
spi1,serpina3n,341.0
spi1,fam171b,1076.0
spi1,d630039a03rik,937.0
spi1,tns2,727.0
spi1,slc16a10,469.0
spi1,ldhd,762.0
spi1,ctsf,2263.0
spi1,stk17b,518.0
spi1,lgals1,265.0
spi1,clu,278.0
spi1,snap47,327.0
spi1,tspan13,369.0
spi1,cd93,373.0
spi1,ccng2,401.0
spi1,gm4951,357.0
spi1,kbtbd11,336.0
spi1,car2,624.0
spi1,myct1,464.0
spi1,pkib,529.0
spi1,scrn1,470.0
spi1,ndnf,327.0
spi1,dusp1,186.0
spi1,tspan3,209.0
spi1,irak3,198.0
spi1,cdk6,337.0
spi1,gdf3,356.0
spi1,prim1,289.0
spi1,slc16a2,403.0
spi1,art4,542.0
spi1,il17ra,275.0
spi1,hnf4a,445.0
spi1,pdgfrb,1060.0
spi1,fam110c,1227.0
spi1,rasa4,215.0
spi1,jchain,936.0
spi1,ndrg2,352.0
spi1,fam171a1,289.0
spi1,adgrl4,264.0
spi1,npdc1,673.0
spi1,parp8,355.0
spi1,foxo1,195.0
spi1,clec1a,297.0
spi1,ankrd33b,310.0
spi1,cpxm1,212.0
spi1,cd34,404.0
spi1,notch1,170.0
spi1,hid1,226.0
spi1,golm1,268.0
spi1,vldlr,445.0
spi1,gimap8,408.0
spi1,spc24,174.0
spi1,aff3,712.0
spi1,ocln,329.0
spi1,kcnk5,216.0
spi1,tspan2,337.0
spi1,rab40b,410.0
spi1,arhgap29,312.0
spi1,cyp26b1,687.0
spi1,neo1,329.0
spi1,slc18a2,423.0
spi1,ctnnd2,155.0
spi1,mtus1,239.0
spi1,otub2,206.0
spi1,jam3,416.0
spi1,hoxa9,497.0
spi1,sdc1,209.0
spi1,cd55,212.0
spi1,cavin2,445.0
spi1,sdc2,222.0
spi1,tpm4,259.0
spi1,ggta1,250.0
spi1,ctsw,247.0
spi1,vegfc,551.0
spi1,prune2,170.0
spi1,gpx3,178.0
spi1,arhgef28,199.0
spi1,tead2,391.0
spi1,enpp5,281.0
spi1,mycn,226.0
spi1,pecam1,248.0
spi1,gpc1,128.0
spi1,irf6,176.0
spi1,sytl1,381.0
spi1,cd38,149.0
spi1,prps2,122.0
spi1,nav1,145.0
spi1,mn1,358.0
spi1,gstt1,358.0
spi1,rhof,230.0
spi1,nsmf,336.0
spi1,atpif1,152.0
spi1,ces2g,328.0
spi1,csgalnact1,197.0
spi1,sema3d,314.0
spi1,f11r,224.0
spi1,mpdz,310.0
spi1,krt18,140.0
spi1,ddx4,271.0
spi1,flna,265.0
spi1,ccdc112,156.0
spi1,adamtsl5,238.0
spi1,kit,135.0
spi1,cnn3,221.0
spi1,col4a2,124.0
spi1,col4a1,124.0
spi1,nfia,213.0
spi1,zfp612,206.0
spi1,plppr3,199.0
spi1,trpc6,195.0
spi1,rasip1,187.0
spi1,crip1,183.0
spi1,runx1t1,173.0
spi1,emb,167.0
spi1,shisa9,156.0
spi1,ctnnal1,142.0
spi1,insrr,132.0
spi1,serpinf1,124.0
spi1,noxa1,114.0
spi1,jam2,112.0
spi1,ttll7,110.0
